date,STATION,AWND,PRCP,SNOW,SNWD,TAVG,TMAX,TMIN,WDF2,WDF5,WSF2,WSF5,positive,negative,hospitalizedCurrently,death,posNeg,deathIncrease,hospitalizedIncrease,negativeIncrease,positiveIncrease,totalTestResultsIncrease,Case rate per day in %,threat level
2020-03-01,USW00024227,4.25,0.0,0.0,0.0,36.0,47.0,26.0,230.0,230.0,14.1,17.0,34,81,,8,115,3,0,58,16.0,74.0,21.62,RISKY
2020-03-01,USW00094240,2.91,0.05,0.0,0.0,37.0,47.0,30.0,300.0,300.0,12.1,15.0,34,81,,8,115,3,0,58,16.0,74.0,21.62,RISKY
2020-03-01,USW00094119,6.93,0.0,0.0,0.0,31.0,46.0,18.0,240.0,240.0,18.1,21.9,34,81,,8,115,3,0,58,16.0,74.0,21.62,RISKY
2020-03-01,USW00024141,10.07,0.0,0.0,0.0,41.0,50.0,28.0,320.0,320.0,33.1,38.9,34,81,,8,115,3,0,58,16.0,74.0,21.62,RISKY
2020-03-01,USW00024233,5.82,0.0,0.0,0.0,40.0,47.0,33.0,220.0,210.0,13.0,16.1,34,81,,8,115,3,0,58,16.0,74.0,21.62,RISKY
2020-03-01,USW00024243,5.14,0.0,0.0,0.0,37.0,52.0,18.0,330.0,310.0,14.1,19.0,34,81,,8,115,3,0,58,16.0,74.0,21.62,RISKY
2020-03-01,USW00024157,10.29,0.0,0.0,0.0,34.0,45.0,22.0,260.0,270.0,23.0,27.1,34,81,,8,115,3,0,58,16.0,74.0,21.62,RISKY
2020-03-02,USW00024227,10.96,0.03,0.0,0.0,42.0,47.0,40.0,180.0,190.0,19.9,25.1,65,229,,11,294,3,0,148,31.0,179.0,17.32,MODERATE
2020-03-02,USW00094240,6.26,0.88,0.0,0.0,42.0,47.0,39.0,260.0,270.0,15.0,19.0,65,229,,11,294,3,0,148,31.0,179.0,17.32,MODERATE
2020-03-02,USW00094119,10.96,0.0,0.0,0.0,38.0,52.0,29.0,210.0,210.0,21.9,25.9,65,229,,11,294,3,0,148,31.0,179.0,17.32,MODERATE
2020-03-02,USW00024141,7.83,0.0,0.0,0.0,43.0,60.0,27.0,270.0,270.0,21.0,27.1,65,229,,11,294,3,0,148,31.0,179.0,17.32,MODERATE
2020-03-02,USW00024233,14.32,0.01,0.0,0.0,44.0,48.0,40.0,200.0,200.0,28.0,36.0,65,229,,11,294,3,0,148,31.0,179.0,17.32,MODERATE
2020-03-02,USW00024243,8.05,0.0,0.0,0.0,45.0,63.0,30.0,280.0,290.0,25.9,33.1,65,229,,11,294,3,0,148,31.0,179.0,17.32,MODERATE
2020-03-02,USW00024157,17.22,0.0,0.0,0.0,37.0,50.0,29.0,220.0,220.0,30.0,36.0,65,229,,11,294,3,0,148,31.0,179.0,17.32,MODERATE
2020-03-03,USW00024227,10.51,0.11,0.0,0.0,47.0,54.0,44.0,240.0,240.0,19.9,27.1,90,427,,14,517,3,0,198,25.0,223.0,11.21,MODERATE
2020-03-03,USW00094240,6.04,0.63,0.0,0.0,45.0,46.0,40.0,250.0,240.0,21.0,29.1,90,427,,14,517,3,0,198,25.0,223.0,11.21,MODERATE
2020-03-03,USW00094119,14.09,0.0,0.0,0.0,44.0,58.0,35.0,200.0,190.0,25.1,34.0,90,427,,14,517,3,0,198,25.0,223.0,11.21,MODERATE
2020-03-03,USW00024141,13.42,0.0,0.0,0.0,50.0,63.0,39.0,240.0,240.0,29.1,36.0,90,427,,14,517,3,0,198,25.0,223.0,11.21,MODERATE
2020-03-03,USW00024233,14.09,0.18,0.0,0.0,49.0,53.0,46.0,200.0,200.0,25.1,34.0,90,427,,14,517,3,0,198,25.0,223.0,11.21,MODERATE
2020-03-03,USW00024243,4.92,0.0,0.0,0.0,48.0,63.0,29.0,310.0,210.0,23.0,30.0,90,427,,14,517,3,0,198,25.0,223.0,11.21,MODERATE
2020-03-03,USW00024157,19.69,0.0,0.0,0.0,43.0,54.0,36.0,230.0,230.0,32.0,38.0,90,427,,14,517,3,0,198,25.0,223.0,11.21,MODERATE
2020-03-04,USW00024227,5.82,0.0,0.0,0.0,46.0,54.0,34.0,210.0,210.0,17.0,21.9,128,633,,16,761,2,0,206,38.0,244.0,15.57,MODERATE
2020-03-04,USW00094240,3.58,0.0,0.0,0.0,42.0,51.0,33.0,280.0,280.0,18.1,25.1,128,633,,16,761,2,0,206,38.0,244.0,15.57,MODERATE
2020-03-04,USW00094119,11.41,0.0,0.0,0.0,44.0,50.0,22.0,250.0,220.0,23.9,33.1,128,633,,16,761,2,0,206,38.0,244.0,15.57,MODERATE
2020-03-04,USW00024141,12.75,0.0,0.0,0.0,48.0,54.0,35.0,290.0,280.0,30.0,38.9,128,633,,16,761,2,0,206,38.0,244.0,15.57,MODERATE
2020-03-04,USW00024233,7.61,0.0,0.0,0.0,46.0,52.0,41.0,220.0,210.0,21.0,27.1,128,633,,16,761,2,0,206,38.0,244.0,15.57,MODERATE
2020-03-04,USW00024243,8.5,0.0,0.0,0.0,50.0,59.0,35.0,280.0,290.0,25.1,33.1,128,633,,16,761,2,0,206,38.0,244.0,15.57,MODERATE
2020-03-04,USW00024157,18.34,0.0,0.0,0.0,44.0,48.0,32.0,220.0,230.0,36.0,42.1,128,633,,16,761,2,0,206,38.0,244.0,15.57,MODERATE
2020-03-05,USW00024227,6.71,0.09,0.0,0.0,42.0,56.0,30.0,210.0,190.0,19.9,25.9,179,944,,20,1123,4,0,311,51.0,362.0,14.09,MODERATE
2020-03-05,USW00094240,4.92,1.01,0.0,0.0,42.0,45.0,37.0,230.0,180.0,18.1,29.1,179,944,,20,1123,4,0,311,51.0,362.0,14.09,MODERATE
2020-03-05,USW00094119,4.7,0.0,0.0,0.0,36.0,50.0,25.0,40.0,30.0,12.1,15.0,179,944,,20,1123,4,0,311,51.0,362.0,14.09,MODERATE
2020-03-05,USW00024141,5.14,0.0,0.0,0.0,39.0,51.0,30.0,20.0,10.0,12.1,13.0,179,944,,20,1123,4,0,311,51.0,362.0,14.09,MODERATE
2020-03-05,USW00024233,8.95,0.23,0.0,0.0,46.0,56.0,38.0,220.0,210.0,23.0,30.0,179,944,,20,1123,4,0,311,51.0,362.0,14.09,MODERATE
2020-03-05,USW00024243,4.25,0.0,0.0,0.0,40.0,60.0,25.0,180.0,190.0,18.1,23.9,179,944,,20,1123,4,0,311,51.0,362.0,14.09,MODERATE
2020-03-05,USW00024157,6.49,0.0,0.0,0.0,39.0,55.0,30.0,220.0,200.0,12.1,13.0,179,944,,20,1123,4,0,311,51.0,362.0,14.09,MODERATE
2020-03-06,USW00024227,2.68,0.25,0.0,0.0,42.0,44.0,37.0,210.0,210.0,8.1,10.1,218,1379,,26,1597,6,0,435,39.0,474.0,8.23,SAFE
2020-03-06,USW00094240,4.03,0.06,0.0,0.0,38.0,49.0,30.0,230.0,250.0,12.1,15.0,218,1379,,26,1597,6,0,435,39.0,474.0,8.23,SAFE
2020-03-06,USW00094119,3.13,0.18,0.0,0.0,38.0,53.0,30.0,230.0,240.0,12.1,13.0,218,1379,,26,1597,6,0,435,39.0,474.0,8.23,SAFE
2020-03-06,USW00024141,3.36,0.03,0.0,0.0,41.0,53.0,31.0,310.0,310.0,12.1,15.0,218,1379,,26,1597,6,0,435,39.0,474.0,8.23,SAFE
2020-03-06,USW00024233,3.58,0.48,0.0,0.0,43.0,43.0,39.0,260.0,240.0,10.1,12.1,218,1379,,26,1597,6,0,435,39.0,474.0,8.23,SAFE
2020-03-06,USW00024243,5.37,0.0,0.0,0.0,45.0,57.0,30.0,190.0,190.0,17.0,21.0,218,1379,,26,1597,6,0,435,39.0,474.0,8.23,SAFE
2020-03-06,USW00024157,6.71,0.13,0.0,0.0,46.0,51.0,39.0,250.0,250.0,14.1,19.0,218,1379,,26,1597,6,0,435,39.0,474.0,8.23,SAFE
2020-03-07,USW00024227,3.8,0.13,0.0,0.0,39.0,44.0,31.0,330.0,320.0,14.1,17.0,256,1746,,27,2002,1,0,367,38.0,405.0,9.38,MODERATE
2020-03-07,USW00094240,2.91,0.44,0.0,0.0,36.0,45.0,30.0,240.0,230.0,12.1,14.1,256,1746,,27,2002,1,0,367,38.0,405.0,9.38,MODERATE
2020-03-07,USW00094119,5.82,0.15,0.0,0.0,40.0,40.0,29.0,210.0,220.0,15.0,18.1,256,1746,,27,2002,1,0,367,38.0,405.0,9.38,MODERATE
2020-03-07,USW00024141,6.04,0.29,0.0,0.0,44.0,51.0,31.0,230.0,230.0,23.0,31.1,256,1746,,27,2002,1,0,367,38.0,405.0,9.38,MODERATE
2020-03-07,USW00024233,7.16,0.04,0.0,0.0,42.0,45.0,38.0,220.0,230.0,15.0,19.0,256,1746,,27,2002,1,0,367,38.0,405.0,9.38,MODERATE
2020-03-07,USW00024243,4.03,0.02,0.0,0.0,47.0,53.0,27.0,220.0,220.0,19.9,25.1,256,1746,,27,2002,1,0,367,38.0,405.0,9.38,MODERATE
2020-03-07,USW00024157,8.5,0.2,0.0,0.0,40.0,40.0,32.0,260.0,170.0,19.9,23.0,256,1746,,27,2002,1,0,367,38.0,405.0,9.38,MODERATE
2020-03-08,USW00024227,2.91,0.0,0.0,0.0,35.0,47.0,28.0,60.0,50.0,8.9,13.0,317,2208,,31,2525,4,0,462,61.0,523.0,11.66,MODERATE
2020-03-08,USW00094240,3.58,0.0,0.0,0.0,35.0,48.0,26.0,360.0,20.0,8.9,12.1,317,2208,,31,2525,4,0,462,61.0,523.0,11.66,MODERATE
2020-03-08,USW00094119,4.7,0.0,0.0,0.0,35.0,46.0,25.0,220.0,240.0,17.0,21.9,317,2208,,31,2525,4,0,462,61.0,523.0,11.66,MODERATE
2020-03-08,USW00024141,3.58,0.0,0.0,0.0,37.0,50.0,24.0,220.0,250.0,12.1,15.0,317,2208,,31,2525,4,0,462,61.0,523.0,11.66,MODERATE
2020-03-08,USW00024233,5.82,0.0,0.0,0.0,40.0,49.0,37.0,20.0,10.0,14.1,15.0,317,2208,,31,2525,4,0,462,61.0,523.0,11.66,MODERATE
2020-03-08,USW00024243,4.03,0.0,0.0,0.0,36.0,52.0,19.0,250.0,150.0,10.1,13.0,317,2208,,31,2525,4,0,462,61.0,523.0,11.66,MODERATE
2020-03-08,USW00024157,8.28,0.0,0.0,0.0,35.0,43.0,30.0,250.0,260.0,21.0,23.9,317,2208,,31,2525,4,0,462,61.0,523.0,11.66,MODERATE
2020-03-09,USW00024227,1.79,0.0,0.0,0.0,36.0,52.0,24.0,360.0,360.0,8.9,12.1,378,3173,,35,3551,4,0,965,61.0,1026.0,5.95,SAFE
2020-03-09,USW00094240,3.58,0.0,0.0,0.0,36.0,49.0,25.0,250.0,230.0,13.0,15.0,378,3173,,35,3551,4,0,965,61.0,1026.0,5.95,SAFE
2020-03-09,USW00094119,3.8,0.0,0.0,0.0,33.0,44.0,21.0,360.0,200.0,10.1,14.1,378,3173,,35,3551,4,0,965,61.0,1026.0,5.95,SAFE
2020-03-09,USW00024141,6.04,0.0,0.0,0.0,40.0,51.0,29.0,340.0,340.0,14.1,17.0,378,3173,,35,3551,4,0,965,61.0,1026.0,5.95,SAFE
2020-03-09,USW00024233,4.92,0.0,0.0,0.0,40.0,50.0,33.0,40.0,40.0,12.1,14.1,378,3173,,35,3551,4,0,965,61.0,1026.0,5.95,SAFE
2020-03-09,USW00024243,5.14,0.0,0.0,0.0,36.0,54.0,21.0,250.0,250.0,12.1,13.0,378,3173,,35,3551,4,0,965,61.0,1026.0,5.95,SAFE
2020-03-09,USW00024157,3.13,0.0,0.0,0.0,35.0,44.0,27.0,350.0,340.0,12.1,13.0,378,3173,,35,3551,4,0,965,61.0,1026.0,5.95,SAFE
2020-03-10,USW00024227,7.83,0.0,0.0,0.0,39.0,55.0,27.0,240.0,240.0,17.0,23.0,488,4848,,37,5336,2,0,1675,110.0,1785.0,6.16,SAFE
2020-03-10,USW00094240,6.71,0.85,0.0,0.0,39.0,46.0,32.0,270.0,180.0,15.0,23.0,488,4848,,37,5336,2,0,1675,110.0,1785.0,6.16,SAFE
2020-03-10,USW00094119,3.8,0.0,0.0,0.0,31.0,47.0,19.0,210.0,220.0,18.1,23.0,488,4848,,37,5336,2,0,1675,110.0,1785.0,6.16,SAFE
2020-03-10,USW00024141,6.04,0.0,0.0,0.0,37.0,54.0,26.0,200.0,210.0,21.0,27.1,488,4848,,37,5336,2,0,1675,110.0,1785.0,6.16,SAFE
2020-03-10,USW00024233,11.41,0.0,0.0,0.0,43.0,51.0,36.0,210.0,230.0,21.9,27.1,488,4848,,37,5336,2,0,1675,110.0,1785.0,6.16,SAFE
2020-03-10,USW00024243,2.68,0.0,0.0,0.0,36.0,60.0,23.0,280.0,250.0,8.9,8.9,488,4848,,37,5336,2,0,1675,110.0,1785.0,6.16,SAFE
2020-03-10,USW00024157,11.86,0.0,0.0,0.0,36.0,48.0,28.0,210.0,210.0,25.1,32.0,488,4848,,37,5336,2,0,1675,110.0,1785.0,6.16,SAFE
2020-03-11,USW00024227,6.71,0.0,0.0,0.0,46.0,55.0,32.0,300.0,320.0,16.1,21.0,621,6976,,40,7597,3,0,2128,133.0,2261.0,5.88,SAFE
2020-03-11,USW00094240,6.49,0.0,0.0,0.0,44.0,49.0,36.0,310.0,300.0,16.1,23.9,621,6976,,40,7597,3,0,2128,133.0,2261.0,5.88,SAFE
2020-03-11,USW00094119,10.51,0.0,0.0,0.0,42.0,52.0,24.0,310.0,310.0,29.1,34.0,621,6976,,40,7597,3,0,2128,133.0,2261.0,5.88,SAFE
2020-03-11,USW00024141,13.42,0.0,0.0,0.0,47.0,57.0,34.0,310.0,310.0,29.1,36.0,621,6976,,40,7597,3,0,2128,133.0,2261.0,5.88,SAFE
2020-03-11,USW00024233,7.16,0.07,0.0,0.0,47.0,51.0,42.0,190.0,190.0,18.1,23.0,621,6976,,40,7597,3,0,2128,133.0,2261.0,5.88,SAFE
2020-03-11,USW00024243,7.61,0.0,0.0,0.0,44.0,61.0,27.0,360.0,10.0,23.9,33.1,621,6976,,40,7597,3,0,2128,133.0,2261.0,5.88,SAFE
2020-03-11,USW00024157,12.75,0.0,0.0,0.0,45.0,53.0,29.0,270.0,270.0,28.0,33.1,621,6976,,40,7597,3,0,2128,133.0,2261.0,5.88,SAFE
2020-03-12,USW00024227,2.46,0.0,0.0,0.0,40.0,53.0,25.0,310.0,330.0,10.1,13.0,799,10563,0.0,44,11362,4,0,3587,178.0,3765.0,4.73,SAFE
2020-03-12,USW00094240,3.58,0.0,0.0,0.0,41.0,48.0,31.0,270.0,290.0,15.0,25.1,799,10563,0.0,44,11362,4,0,3587,178.0,3765.0,4.73,SAFE
2020-03-12,USW00094119,3.36,0.0,0.0,0.0,34.0,47.0,22.0,180.0,190.0,13.0,17.0,799,10563,0.0,44,11362,4,0,3587,178.0,3765.0,4.73,SAFE
2020-03-12,USW00024141,7.61,0.0,0.0,0.0,42.0,52.0,32.0,300.0,320.0,18.1,23.0,799,10563,0.0,44,11362,4,0,3587,178.0,3765.0,4.73,SAFE
2020-03-12,USW00024233,4.7,0.0,0.0,0.0,44.0,52.0,39.0,10.0,50.0,13.0,18.1,799,10563,0.0,44,11362,4,0,3587,178.0,3765.0,4.73,SAFE
2020-03-12,USW00024243,6.04,0.0,0.0,0.0,43.0,55.0,25.0,320.0,270.0,14.1,18.1,799,10563,0.0,44,11362,4,0,3587,178.0,3765.0,4.73,SAFE
2020-03-12,USW00024157,6.04,0.0,0.0,0.0,36.0,45.0,25.0,240.0,240.0,15.0,21.0,799,10563,0.0,44,11362,4,0,3587,178.0,3765.0,4.73,SAFE
2020-03-13,USW00024227,3.13,0.28,0.0,0.0,37.0,39.0,33.0,30.0,50.0,10.1,15.0,1015,14585,0.0,47,15600,3,0,4022,216.0,4238.0,5.1,SAFE
2020-03-13,USW00094240,11.41,0.02,0.0,0.0,39.0,46.0,35.0,60.0,60.0,25.1,36.9,1015,14585,0.0,47,15600,3,0,4022,216.0,4238.0,5.1,SAFE
2020-03-13,USW00094119,17.22,0.02,0.0,0.0,31.0,39.0,20.0,50.0,50.0,31.1,42.1,1015,14585,0.0,47,15600,3,0,4022,216.0,4238.0,5.1,SAFE
2020-03-13,USW00024141,12.3,0.24,0.0,0.0,37.0,40.0,29.0,30.0,40.0,23.0,28.0,1015,14585,0.0,47,15600,3,0,4022,216.0,4238.0,5.1,SAFE
2020-03-13,USW00024233,11.63,0.38,0.0,0.0,41.0,43.0,35.0,20.0,10.0,23.0,27.1,1015,14585,0.0,47,15600,3,0,4022,216.0,4238.0,5.1,SAFE
2020-03-13,USW00024243,6.71,0.18,0.0,100.0,38.0,40.0,30.0,30.0,50.0,21.9,30.0,1015,14585,0.0,47,15600,3,0,4022,216.0,4238.0,5.1,SAFE
2020-03-13,USW00024157,11.86,0.17,3.4,3.1,34.0,40.0,20.0,70.0,30.0,23.9,29.1,1015,14585,0.0,47,15600,3,0,4022,216.0,4238.0,5.1,SAFE
2020-03-14,USW00024227,11.18,0.01,0.0,0.0,37.0,44.0,33.0,30.0,20.0,18.1,23.9,1171,16768,0.0,51,17939,4,0,2183,156.0,2339.0,6.67,SAFE
2020-03-14,USW00094240,18.12,0.0,0.0,0.0,37.0,42.0,33.0,60.0,70.0,28.0,40.0,1171,16768,0.0,51,17939,4,0,2183,156.0,2339.0,6.67,SAFE
2020-03-14,USW00094119,17.45,0.03,0.0,0.0,21.0,22.0,17.0,40.0,40.0,25.9,36.0,1171,16768,0.0,51,17939,4,0,2183,156.0,2339.0,6.67,SAFE
2020-03-14,USW00024141,14.99,0.0,0.0,0.0,29.0,31.0,24.0,20.0,20.0,25.1,30.0,1171,16768,0.0,51,17939,4,0,2183,156.0,2339.0,6.67,SAFE
2020-03-14,USW00024233,15.66,0.0,0.0,0.0,38.0,44.0,32.0,20.0,10.0,21.9,25.9,1171,16768,0.0,51,17939,4,0,2183,156.0,2339.0,6.67,SAFE
2020-03-14,USW00024243,11.63,0.0,0.0,83.33333333333333,33.0,34.0,28.0,30.0,30.0,30.0,38.9,1171,16768,0.0,51,17939,4,0,2183,156.0,2339.0,6.67,SAFE
2020-03-14,USW00024157,18.12,0.04,2.4,3.9,21.0,23.0,16.0,20.0,30.0,25.1,30.0,1171,16768,0.0,51,17939,4,0,2183,156.0,2339.0,6.67,SAFE
2020-03-15,USW00024227,9.84,0.0,0.0,0.0,37.0,48.0,30.0,20.0,30.0,18.1,25.1,1277,18353,0.0,57,19630,6,0,1585,106.0,1691.0,6.27,SAFE
2020-03-15,USW00094240,15.88,0.0,0.0,0.0,36.0,48.0,31.0,50.0,30.0,25.9,36.9,1277,18353,0.0,57,19630,6,0,1585,106.0,1691.0,6.27,SAFE
2020-03-15,USW00094119,10.51,0.0,0.0,0.0,24.0,37.0,17.0,40.0,50.0,21.0,27.1,1277,18353,0.0,57,19630,6,0,1585,106.0,1691.0,6.27,SAFE
2020-03-15,USW00024141,14.99,0.0,0.0,0.0,29.0,41.0,23.0,360.0,10.0,23.0,27.1,1277,18353,0.0,57,19630,6,0,1585,106.0,1691.0,6.27,SAFE
2020-03-15,USW00024233,18.57,0.0,0.0,0.0,37.0,46.0,32.0,10.0,350.0,29.1,33.1,1277,18353,0.0,57,19630,6,0,1585,106.0,1691.0,6.27,SAFE
2020-03-15,USW00024243,10.07,0.0,0.0,66.66666666666666,32.0,41.0,25.0,10.0,360.0,21.9,29.1,1277,18353,0.0,57,19630,6,0,1585,106.0,1691.0,6.27,SAFE
2020-03-15,USW00024157,9.4,0.0,0.0,3.9,22.0,34.0,17.0,20.0,20.0,19.9,23.9,1277,18353,0.0,57,19630,6,0,1585,106.0,1691.0,6.27,SAFE
2020-03-16,USW00024227,4.25,0.0,0.0,0.0,40.0,58.0,23.0,60.0,60.0,13.0,16.1,1577,22957,0.0,69,24534,12,0,4604,300.0,4904.0,6.12,SAFE
2020-03-16,USW00094240,5.37,0.0,0.0,0.0,45.0,63.0,27.0,60.0,40.0,18.1,25.9,1577,22957,0.0,69,24534,12,0,4604,300.0,4904.0,6.12,SAFE
2020-03-16,USW00094119,8.72,0.0,0.0,0.0,34.0,51.0,22.0,50.0,30.0,17.0,23.0,1577,22957,0.0,69,24534,12,0,4604,300.0,4904.0,6.12,SAFE
2020-03-16,USW00024141,11.18,0.0,0.0,0.0,37.0,51.0,30.0,340.0,340.0,23.0,28.0,1577,22957,0.0,69,24534,12,0,4604,300.0,4904.0,6.12,SAFE
2020-03-16,USW00024233,12.08,0.0,0.0,0.0,43.0,55.0,36.0,10.0,10.0,21.0,25.9,1577,22957,0.0,69,24534,12,0,4604,300.0,4904.0,6.12,SAFE
2020-03-16,USW00024243,6.49,0.0,0.0,50.0,36.0,55.0,21.0,60.0,60.0,15.0,19.9,1577,22957,0.0,69,24534,12,0,4604,300.0,4904.0,6.12,SAFE
2020-03-16,USW00024157,4.92,0.0,0.0,3.9,32.0,50.0,22.0,30.0,10.0,13.0,15.0,1577,22957,0.0,69,24534,12,0,4604,300.0,4904.0,6.12,SAFE
2020-03-17,USW00024227,2.01,0.0,0.0,0.0,40.0,58.0,22.0,20.0,30.0,8.9,12.1,1840,27344,0.0,78,29184,9,0,4387,263.0,4650.0,5.66,SAFE
2020-03-17,USW00094240,2.91,0.0,0.0,0.0,41.0,56.0,25.0,220.0,210.0,12.1,17.0,1840,27344,0.0,78,29184,9,0,4387,263.0,4650.0,5.66,SAFE
2020-03-17,USW00094119,4.7,0.0,0.0,0.0,35.0,56.0,19.0,30.0,30.0,13.0,15.0,1840,27344,0.0,78,29184,9,0,4387,263.0,4650.0,5.66,SAFE
2020-03-17,USW00024141,4.92,0.0,0.0,0.0,40.0,55.0,23.0,300.0,310.0,13.0,15.0,1840,27344,0.0,78,29184,9,0,4387,263.0,4650.0,5.66,SAFE
2020-03-17,USW00024233,4.47,0.0,0.0,0.0,44.0,54.0,33.0,340.0,330.0,12.1,14.1,1840,27344,0.0,78,29184,9,0,4387,263.0,4650.0,5.66,SAFE
2020-03-17,USW00024243,4.7,0.0,0.0,33.33333333333333,36.0,55.0,20.0,170.0,160.0,10.1,12.1,1840,27344,0.0,78,29184,9,0,4387,263.0,4650.0,5.66,SAFE
2020-03-17,USW00024157,3.36,0.0,0.0,2.0,37.0,52.0,26.0,360.0,330.0,10.1,14.1,1840,27344,0.0,78,29184,9,0,4387,263.0,4650.0,5.66,SAFE
2020-03-18,USW00024227,2.68,0.0,0.0,0.0,39.0,58.0,24.0,230.0,240.0,12.1,15.0,2129,31812,0.0,82,33941,4,0,4468,289.0,4757.0,6.08,SAFE
2020-03-18,USW00094240,2.46,0.0,0.0,0.0,39.0,54.0,26.0,270.0,220.0,14.1,18.1,2129,31812,0.0,82,33941,4,0,4468,289.0,4757.0,6.08,SAFE
2020-03-18,USW00094119,5.82,0.0,0.0,0.0,42.0,56.0,26.0,40.0,40.0,14.1,19.0,2129,31812,0.0,82,33941,4,0,4468,289.0,4757.0,6.08,SAFE
2020-03-18,USW00024141,6.71,0.0,0.0,0.0,46.0,60.0,34.0,350.0,350.0,14.1,16.1,2129,31812,0.0,82,33941,4,0,4468,289.0,4757.0,6.08,SAFE
2020-03-18,USW00024233,4.92,0.0,0.0,0.0,44.0,56.0,35.0,190.0,210.0,12.1,18.1,2129,31812,0.0,82,33941,4,0,4468,289.0,4757.0,6.08,SAFE
2020-03-18,USW00024243,5.37,0.0,0.0,16.666666666666657,42.0,62.0,25.0,270.0,180.0,12.1,13.0,2129,31812,0.0,82,33941,4,0,4468,289.0,4757.0,6.08,SAFE
2020-03-18,USW00024157,5.59,0.0,0.0,0.0,42.0,54.0,32.0,60.0,80.0,12.1,16.1,2129,31812,0.0,82,33941,4,0,4468,289.0,4757.0,6.08,SAFE
2020-03-19,USW00024227,1.79,0.0,0.0,0.0,42.0,63.0,25.0,180.0,180.0,8.9,11.0,2461,36040,0.0,92,38501,10,0,4228,332.0,4560.0,7.28,SAFE
2020-03-19,USW00094240,2.68,0.0,0.0,0.0,39.0,55.0,26.0,230.0,240.0,12.1,14.1,2461,36040,0.0,92,38501,10,0,4228,332.0,4560.0,7.28,SAFE
2020-03-19,USW00094119,4.92,0.0,0.0,0.0,39.0,58.0,21.0,40.0,30.0,13.0,17.0,2461,36040,0.0,92,38501,10,0,4228,332.0,4560.0,7.28,SAFE
2020-03-19,USW00024141,5.14,0.0,0.0,0.0,44.0,60.0,29.0,300.0,40.0,10.1,14.1,2461,36040,0.0,92,38501,10,0,4228,332.0,4560.0,7.28,SAFE
2020-03-19,USW00024233,4.92,0.0,0.0,0.0,47.0,61.0,37.0,40.0,120.0,8.9,13.0,2461,36040,0.0,92,38501,10,0,4228,332.0,4560.0,7.28,SAFE
2020-03-19,USW00024243,5.82,0.0,0.0,0.0,44.0,64.0,26.0,140.0,120.0,12.1,14.1,2461,36040,0.0,92,38501,10,0,4228,332.0,4560.0,7.28,SAFE
2020-03-19,USW00024157,4.47,0.0,0.0,0.0,42.0,56.0,30.0,70.0,60.0,13.0,16.1,2461,36040,0.0,92,38501,10,0,4228,332.0,4560.0,7.28,SAFE
2020-03-20,USW00024227,2.01,0.0,0.0,0.0,45.0,65.0,28.0,280.0,270.0,8.9,12.1,2764,39805,0.0,104,42569,12,0,3765,303.0,4068.0,7.45,SAFE
2020-03-20,USW00094240,3.36,0.0,0.0,0.0,41.0,56.0,29.0,290.0,300.0,15.0,19.9,2764,39805,0.0,104,42569,12,0,3765,303.0,4068.0,7.45,SAFE
2020-03-20,USW00094119,2.91,0.0,0.0,0.0,42.0,60.0,24.0,220.0,210.0,16.1,19.9,2764,39805,0.0,104,42569,12,0,3765,303.0,4068.0,7.45,SAFE
2020-03-20,USW00024141,7.61,0.0,0.0,0.0,48.0,65.0,31.0,310.0,310.0,18.1,21.9,2764,39805,0.0,104,42569,12,0,3765,303.0,4068.0,7.45,SAFE
2020-03-20,USW00024233,4.92,0.0,0.0,0.0,51.0,62.0,39.0,30.0,30.0,14.1,16.1,2764,39805,0.0,104,42569,12,0,3765,303.0,4068.0,7.45,SAFE
2020-03-20,USW00024243,6.49,0.0,0.0,0.0,47.0,67.0,28.0,290.0,320.0,15.0,23.0,2764,39805,0.0,104,42569,12,0,3765,303.0,4068.0,7.45,SAFE
2020-03-20,USW00024157,7.61,0.0,0.0,0.0,44.0,59.0,33.0,270.0,260.0,17.0,23.0,2764,39805,0.0,104,42569,12,0,3765,303.0,4068.0,7.45,SAFE
2020-03-21,USW00024227,2.24,0.0,0.0,0.0,45.0,58.0,29.0,20.0,20.0,8.9,13.0,2958,41956,0.0,111,44914,7,0,2151,194.0,2345.0,8.27,SAFE
2020-03-21,USW00094240,3.58,0.0,0.0,0.0,44.0,53.0,35.0,220.0,230.0,12.1,16.1,2958,41956,0.0,111,44914,7,0,2151,194.0,2345.0,8.27,SAFE
2020-03-21,USW00094119,6.04,0.0,0.0,0.0,40.0,60.0,22.0,330.0,330.0,17.0,23.0,2958,41956,0.0,111,44914,7,0,2151,194.0,2345.0,8.27,SAFE
2020-03-21,USW00024141,5.59,0.0,0.0,0.0,51.0,65.0,33.0,300.0,310.0,17.0,19.9,2958,41956,0.0,111,44914,7,0,2151,194.0,2345.0,8.27,SAFE
2020-03-21,USW00024233,5.37,0.0,0.0,0.0,48.0,56.0,40.0,330.0,320.0,10.1,15.0,2958,41956,0.0,111,44914,7,0,2151,194.0,2345.0,8.27,SAFE
2020-03-21,USW00024243,4.7,0.0,0.0,0.0,51.0,66.0,28.0,330.0,320.0,16.1,21.0,2958,41956,0.0,111,44914,7,0,2151,194.0,2345.0,8.27,SAFE
2020-03-21,USW00024157,8.05,0.0,0.0,0.0,45.0,58.0,35.0,270.0,290.0,17.0,23.0,2958,41956,0.0,111,44914,7,0,2151,194.0,2345.0,8.27,SAFE
2020-03-22,USW00024227,6.71,0.0,0.0,0.0,43.0,60.0,29.0,250.0,260.0,15.0,21.9,3141,43663,0.0,126,46804,15,0,1707,183.0,1890.0,9.68,MODERATE
2020-03-22,USW00094240,4.25,0.03,0.0,0.0,41.0,49.0,36.0,220.0,230.0,15.0,18.1,3141,43663,0.0,126,46804,15,0,1707,183.0,1890.0,9.68,MODERATE
2020-03-22,USW00094119,4.92,0.0,0.0,0.0,41.0,57.0,21.0,190.0,220.0,18.1,23.9,3141,43663,0.0,126,46804,15,0,1707,183.0,1890.0,9.68,MODERATE
2020-03-22,USW00024141,5.82,0.0,0.0,0.0,47.0,61.0,28.0,180.0,190.0,18.1,23.9,3141,43663,0.0,126,46804,15,0,1707,183.0,1890.0,9.68,MODERATE
2020-03-22,USW00024233,9.62,0.0,0.0,0.0,47.0,58.0,38.0,230.0,220.0,21.9,25.9,3141,43663,0.0,126,46804,15,0,1707,183.0,1890.0,9.68,MODERATE
2020-03-22,USW00024243,5.14,0.0,0.0,0.0,49.0,64.0,27.0,170.0,170.0,13.0,16.1,3141,43663,0.0,126,46804,15,0,1707,183.0,1890.0,9.68,MODERATE
2020-03-22,USW00024157,7.38,0.0,0.0,0.0,46.0,56.0,30.0,230.0,230.0,18.1,23.0,3141,43663,0.0,126,46804,15,0,1707,183.0,1890.0,9.68,MODERATE
2020-03-23,USW00024227,8.72,0.34,0.0,0.0,45.0,49.0,38.0,200.0,210.0,18.1,23.9,3604,48508,0.0,137,52112,11,0,4845,463.0,5308.0,8.72,SAFE
2020-03-23,USW00094240,5.37,0.52,0.0,0.0,42.0,51.0,37.0,210.0,220.0,18.1,25.9,3604,48508,0.0,137,52112,11,0,4845,463.0,5308.0,8.72,SAFE
2020-03-23,USW00094119,10.29,0.0,0.0,0.0,44.0,53.0,30.0,210.0,220.0,25.1,32.0,3604,48508,0.0,137,52112,11,0,4845,463.0,5308.0,8.72,SAFE
2020-03-23,USW00024141,8.5,0.0,0.0,0.0,49.0,56.0,30.0,230.0,210.0,21.9,28.0,3604,48508,0.0,137,52112,11,0,4845,463.0,5308.0,8.72,SAFE
2020-03-23,USW00024233,12.08,0.1,0.0,0.0,45.0,51.0,41.0,220.0,220.0,23.9,33.1,3604,48508,0.0,137,52112,11,0,4845,463.0,5308.0,8.72,SAFE
2020-03-23,USW00024243,7.61,0.01,0.0,0.0,52.0,59.0,31.0,280.0,280.0,23.0,27.1,3604,48508,0.0,137,52112,11,0,4845,463.0,5308.0,8.72,SAFE
2020-03-23,USW00024157,15.43,0.0,0.0,0.0,46.0,50.0,35.0,250.0,270.0,30.0,36.0,3604,48508,0.0,137,52112,11,0,4845,463.0,5308.0,8.72,SAFE
2020-03-24,USW00024227,5.37,0.1,0.0,0.0,42.0,50.0,36.0,180.0,180.0,14.1,17.0,4038,53326,0.0,146,57364,9,0,4818,434.0,5252.0,8.26,SAFE
2020-03-24,USW00094240,3.58,0.02,0.0,0.0,40.0,48.0,31.0,270.0,250.0,13.0,17.0,4038,53326,0.0,146,57364,9,0,4818,434.0,5252.0,8.26,SAFE
2020-03-24,USW00094119,4.47,0.0,0.0,0.0,36.0,46.0,26.0,180.0,180.0,14.1,18.1,4038,53326,0.0,146,57364,9,0,4818,434.0,5252.0,8.26,SAFE
2020-03-24,USW00024141,6.49,0.0,0.0,0.0,40.0,52.0,24.0,240.0,230.0,15.0,18.1,4038,53326,0.0,146,57364,9,0,4818,434.0,5252.0,8.26,SAFE
2020-03-24,USW00024233,6.49,0.04,0.0,0.0,43.0,50.0,38.0,200.0,210.0,14.1,18.1,4038,53326,0.0,146,57364,9,0,4818,434.0,5252.0,8.26,SAFE
2020-03-24,USW00024243,4.92,0.02,0.0,0.0,40.0,55.0,23.0,290.0,190.0,17.0,27.1,4038,53326,0.0,146,57364,9,0,4818,434.0,5252.0,8.26,SAFE
2020-03-24,USW00024157,9.4,0.0,0.0,0.0,38.0,47.0,31.0,230.0,220.0,23.0,28.0,4038,53326,0.0,146,57364,9,0,4818,434.0,5252.0,8.26,SAFE
2020-03-25,USW00024227,4.92,0.09,0.0,0.0,42.0,52.0,36.0,330.0,320.0,17.0,21.0,4477,57897,0.0,159,62374,13,0,4571,439.0,5010.0,8.76,SAFE
2020-03-25,USW00094240,4.03,0.0,0.0,0.0,38.0,51.0,30.0,230.0,250.0,14.1,19.9,4477,57897,0.0,159,62374,13,0,4571,439.0,5010.0,8.76,SAFE
2020-03-25,USW00094119,4.03,0.02,0.0,0.0,34.0,44.0,25.0,180.0,250.0,13.0,19.9,4477,57897,0.0,159,62374,13,0,4571,439.0,5010.0,8.76,SAFE
2020-03-25,USW00024141,8.5,0.0,0.0,0.0,42.0,54.0,29.0,290.0,300.0,17.0,19.9,4477,57897,0.0,159,62374,13,0,4571,439.0,5010.0,8.76,SAFE
2020-03-25,USW00024233,4.47,0.18,0.0,0.0,42.0,49.0,39.0,250.0,210.0,12.1,23.0,4477,57897,0.0,159,62374,13,0,4571,439.0,5010.0,8.76,SAFE
2020-03-25,USW00024243,3.8,0.01,0.0,0.0,41.0,54.0,29.0,260.0,230.0,16.1,19.9,4477,57897,0.0,159,62374,13,0,4571,439.0,5010.0,8.76,SAFE
2020-03-25,USW00024157,5.82,0.06,0.3,0.0,36.0,40.0,30.0,210.0,210.0,12.1,14.1,4477,57897,0.0,159,62374,13,0,4571,439.0,5010.0,8.76,SAFE
2020-03-26,USW00024227,6.49,0.0,0.0,0.0,40.0,49.0,32.0,250.0,290.0,15.0,21.9,4909,61944,0.0,183,66853,24,0,4047,432.0,4479.0,9.65,MODERATE
2020-03-26,USW00094240,2.91,0.23,0.0,0.0,40.0,46.0,31.0,160.0,150.0,8.1,13.0,4909,61944,0.0,183,66853,24,0,4047,432.0,4479.0,9.65,MODERATE
2020-03-26,USW00094119,5.59,0.0,0.0,0.0,34.0,45.0,25.0,210.0,220.0,15.0,21.0,4909,61944,0.0,183,66853,24,0,4047,432.0,4479.0,9.65,MODERATE
2020-03-26,USW00024141,7.83,0.0,0.0,0.0,38.0,56.0,21.0,280.0,280.0,18.1,25.1,4909,61944,0.0,183,66853,24,0,4047,432.0,4479.0,9.65,MODERATE
2020-03-26,USW00024233,11.63,0.0,0.0,0.0,43.0,49.0,38.0,210.0,210.0,19.9,23.9,4909,61944,0.0,183,66853,24,0,4047,432.0,4479.0,9.65,MODERATE
2020-03-26,USW00024243,7.38,0.0,0.0,0.0,39.0,58.0,21.0,290.0,300.0,21.9,31.1,4909,61944,0.0,183,66853,24,0,4047,432.0,4479.0,9.65,MODERATE
2020-03-26,USW00024157,10.74,0.0,0.0,0.0,34.0,43.0,28.0,230.0,240.0,23.0,25.9,4909,61944,0.0,183,66853,24,0,4047,432.0,4479.0,9.65,MODERATE
2020-03-27,USW00024227,8.95,0.07,0.0,0.0,43.0,50.0,38.0,210.0,200.0,18.1,23.0,5359,65844,0.0,199,71203,16,0,3900,450.0,4350.0,10.34,MODERATE
2020-03-27,USW00094240,5.37,0.33,0.0,0.0,44.0,50.0,41.0,230.0,190.0,10.1,19.0,5359,65844,0.0,199,71203,16,0,3900,450.0,4350.0,10.34,MODERATE
2020-03-27,USW00094119,7.38,0.0,0.0,0.0,35.0,46.0,22.0,160.0,190.0,15.0,19.0,5359,65844,0.0,199,71203,16,0,3900,450.0,4350.0,10.34,MODERATE
2020-03-27,USW00024141,4.7,0.0,0.0,0.0,43.0,56.0,31.0,220.0,230.0,16.1,19.9,5359,65844,0.0,199,71203,16,0,3900,450.0,4350.0,10.34,MODERATE
2020-03-27,USW00024233,9.62,0.02,0.0,0.0,45.0,50.0,43.0,180.0,180.0,16.1,19.9,5359,65844,0.0,199,71203,16,0,3900,450.0,4350.0,10.34,MODERATE
2020-03-27,USW00024243,4.92,0.0,0.0,0.0,48.0,62.0,35.0,260.0,240.0,18.1,23.9,5359,65844,0.0,199,71203,16,0,3900,450.0,4350.0,10.34,MODERATE
2020-03-27,USW00024157,11.18,0.0,0.0,0.0,39.0,45.0,32.0,230.0,230.0,18.1,23.0,5359,65844,0.0,199,71203,16,0,3900,450.0,4350.0,10.34,MODERATE
2020-03-28,USW00024227,12.75,0.31,0.0,0.0,48.0,53.0,45.0,190.0,190.0,23.0,29.1,5642,68163,0.0,220,73805,21,0,2319,283.0,2602.0,10.88,MODERATE
2020-03-28,USW00094240,9.17,1.0,0.0,0.0,47.0,49.0,45.0,190.0,180.0,17.0,29.1,5642,68163,0.0,220,73805,21,0,2319,283.0,2602.0,10.88,MODERATE
2020-03-28,USW00094119,7.61,0.01,0.0,0.0,41.0,50.0,34.0,190.0,200.0,19.9,23.9,5642,68163,0.0,220,73805,21,0,2319,283.0,2602.0,10.88,MODERATE
2020-03-28,USW00024141,10.51,0.0,0.0,0.0,44.0,62.0,30.0,200.0,200.0,23.9,29.1,5642,68163,0.0,220,73805,21,0,2319,283.0,2602.0,10.88,MODERATE
2020-03-28,USW00024233,11.63,0.32,0.0,0.0,49.0,54.0,46.0,190.0,190.0,18.1,25.9,5642,68163,0.0,220,73805,21,0,2319,283.0,2602.0,10.88,MODERATE
2020-03-28,USW00024243,10.29,0.01,0.0,0.0,48.0,63.0,33.0,180.0,190.0,23.9,32.0,5642,68163,0.0,220,73805,21,0,2319,283.0,2602.0,10.88,MODERATE
2020-03-28,USW00024157,13.2,0.0,0.0,0.0,42.0,50.0,36.0,220.0,200.0,23.0,29.1,5642,68163,0.0,220,73805,21,0,2319,283.0,2602.0,10.88,MODERATE
2020-03-29,USW00024227,8.72,0.44,0.0,0.0,48.0,54.0,45.0,180.0,180.0,19.9,25.1,5880,69750,0.0,237,75630,17,0,1587,238.0,1825.0,13.04,MODERATE
2020-03-29,USW00094240,9.17,0.36,0.0,0.0,46.0,50.0,41.0,190.0,220.0,18.1,36.9,5880,69750,0.0,237,75630,17,0,1587,238.0,1825.0,13.04,MODERATE
2020-03-29,USW00094119,9.17,0.03,0.0,0.0,46.0,55.0,33.0,210.0,210.0,29.1,36.0,5880,69750,0.0,237,75630,17,0,1587,238.0,1825.0,13.04,MODERATE
2020-03-29,USW00024141,11.41,0.0,0.0,0.0,51.0,62.0,42.0,200.0,210.0,25.1,30.0,5880,69750,0.0,237,75630,17,0,1587,238.0,1825.0,13.04,MODERATE
2020-03-29,USW00024233,11.41,0.58,0.0,0.0,49.0,55.0,46.0,220.0,200.0,21.9,27.1,5880,69750,0.0,237,75630,17,0,1587,238.0,1825.0,13.04,MODERATE
2020-03-29,USW00024243,15.21,0.0,0.0,0.0,53.0,63.0,47.0,190.0,200.0,28.0,35.1,5880,69750,0.0,237,75630,17,0,1587,238.0,1825.0,13.04,MODERATE
2020-03-29,USW00024157,14.09,0.03,0.0,0.0,46.0,54.0,40.0,270.0,240.0,32.0,38.9,5880,69750,0.0,237,75630,17,0,1587,238.0,1825.0,13.04,MODERATE
2020-03-30,USW00024227,10.51,0.89,0.0,0.0,46.0,48.0,38.0,250.0,200.0,25.1,33.1,6441,74245,0.0,248,80686,11,0,4495,561.0,5056.0,11.1,MODERATE
2020-03-30,USW00094240,8.95,0.65,0.0,0.0,44.0,49.0,35.0,240.0,180.0,25.9,40.0,6441,74245,0.0,248,80686,11,0,4495,561.0,5056.0,11.1,MODERATE
2020-03-30,USW00094119,14.76,0.12,0.0,0.0,42.0,52.0,34.0,220.0,210.0,36.0,45.0,6441,74245,0.0,248,80686,11,0,4495,561.0,5056.0,11.1,MODERATE
2020-03-30,USW00024141,13.42,0.0,0.0,0.0,49.0,56.0,29.0,210.0,210.0,32.0,40.0,6441,74245,0.0,248,80686,11,0,4495,561.0,5056.0,11.1,MODERATE
2020-03-30,USW00024233,13.65,0.51,0.0,0.0,47.0,50.0,39.0,240.0,240.0,25.9,34.0,6441,74245,0.0,248,80686,11,0,4495,561.0,5056.0,11.1,MODERATE
2020-03-30,USW00024243,10.96,0.08,0.0,0.0,51.0,57.0,38.0,270.0,280.0,32.0,42.1,6441,74245,0.0,248,80686,11,0,4495,561.0,5056.0,11.1,MODERATE
2020-03-30,USW00024157,18.12,0.07,0.0,0.0,43.0,49.0,36.0,240.0,250.0,40.9,49.0,6441,74245,0.0,248,80686,11,0,4495,561.0,5056.0,11.1,MODERATE
2020-03-31,USW00024227,7.38,0.21,0.0,0.0,41.0,47.0,35.0,240.0,240.0,16.1,21.0,6908,78403,0.0,262,85311,14,0,4158,467.0,4625.0,10.1,MODERATE
2020-03-31,USW00094240,4.03,0.34,0.0,0.0,39.0,47.0,34.0,200.0,200.0,14.1,19.0,6908,78403,0.0,262,85311,14,0,4158,467.0,4625.0,10.1,MODERATE
2020-03-31,USW00094119,4.47,0.15,0.0,0.0,37.0,45.0,28.0,300.0,300.0,25.1,30.0,6908,78403,0.0,262,85311,14,0,4158,467.0,4625.0,10.1,MODERATE
2020-03-31,USW00024141,7.83,0.0,0.0,0.0,42.0,55.0,31.0,290.0,290.0,23.0,29.1,6908,78403,0.0,262,85311,14,0,4158,467.0,4625.0,10.1,MODERATE
2020-03-31,USW00024233,10.51,0.03,0.0,0.0,43.0,50.0,39.0,220.0,220.0,21.0,27.1,6908,78403,0.0,262,85311,14,0,4158,467.0,4625.0,10.1,MODERATE
2020-03-31,USW00024243,9.17,0.0,0.0,0.0,44.0,57.0,29.0,280.0,280.0,23.9,33.1,6908,78403,0.0,262,85311,14,0,4158,467.0,4625.0,10.1,MODERATE
2020-03-31,USW00024157,9.4,0.11,0.3,0.0,38.0,45.0,31.0,310.0,300.0,29.1,36.9,6908,78403,0.0,262,85311,14,0,4158,467.0,4625.0,10.1,MODERATE
2020-04-01,USW00024227,4.7,0.0,0.0,0.0,41.0,54.0,35.0,10.0,10.0,13.0,16.1,7354,82615,0.0,282,89969,20,0,4212,446.0,4658.0,9.57,MODERATE
2020-04-01,USW00094240,5.14,0.03,0.0,0.0,40.0,52.0,32.0,300.0,290.0,16.1,23.0,7354,82615,0.0,282,89969,20,0,4212,446.0,4658.0,9.57,MODERATE
2020-04-01,USW00094119,3.8,0.1,0.0,0.0,33.0,42.0,23.0,250.0,270.0,14.1,16.1,7354,82615,0.0,282,89969,20,0,4212,446.0,4658.0,9.57,MODERATE
2020-04-01,USW00024141,8.05,0.02,0.0,0.0,41.0,51.0,31.0,350.0,340.0,17.0,19.9,7354,82615,0.0,282,89969,20,0,4212,446.0,4658.0,9.57,MODERATE
2020-04-01,USW00024233,6.04,0.01,0.0,0.0,43.0,52.0,39.0,10.0,350.0,14.1,21.9,7354,82615,0.0,282,89969,20,0,4212,446.0,4658.0,9.57,MODERATE
2020-04-01,USW00024243,4.47,0.0,0.0,0.0,43.0,53.0,28.0,40.0,30.0,17.0,19.9,7354,82615,0.0,282,89969,20,0,4212,446.0,4658.0,9.57,MODERATE
2020-04-01,USW00024157,5.82,0.0,0.0,0.0,34.0,41.0,30.0,220.0,220.0,18.1,23.0,7354,82615,0.0,282,89969,20,0,4212,446.0,4658.0,9.57,MODERATE
2020-04-02,USW00024227,5.82,0.02,0.0,0.0,42.0,49.0,31.0,290.0,270.0,17.0,21.0,7758,87037,0.0,310,94795,28,0,4422,404.0,4826.0,8.37,SAFE
2020-04-02,USW00094240,3.58,0.08,0.0,0.0,40.0,46.0,36.0,280.0,270.0,15.0,18.1,7758,87037,0.0,310,94795,28,0,4422,404.0,4826.0,8.37,SAFE
2020-04-02,USW00094119,6.26,0.0,0.0,0.0,33.0,47.0,20.0,240.0,230.0,19.9,23.9,7758,87037,0.0,310,94795,28,0,4422,404.0,4826.0,8.37,SAFE
2020-04-02,USW00024141,8.05,0.0,0.0,0.0,39.0,51.0,27.0,300.0,240.0,16.1,21.0,7758,87037,0.0,310,94795,28,0,4422,404.0,4826.0,8.37,SAFE
2020-04-02,USW00024233,9.62,0.0,0.0,0.0,43.0,51.0,37.0,220.0,220.0,21.0,23.9,7758,87037,0.0,310,94795,28,0,4422,404.0,4826.0,8.37,SAFE
2020-04-02,USW00024243,5.59,0.0,0.0,0.0,36.0,54.0,20.0,290.0,200.0,16.1,21.0,7758,87037,0.0,310,94795,28,0,4422,404.0,4826.0,8.37,SAFE
2020-04-02,USW00024157,8.5,0.0,0.0,0.0,35.0,44.0,29.0,280.0,250.0,19.9,25.1,7758,87037,0.0,310,94795,28,0,4422,404.0,4826.0,8.37,SAFE
2020-04-03,USW00024227,7.83,0.04,0.0,0.0,39.0,46.0,28.0,230.0,220.0,16.1,25.1,8167,91398,0.0,338,99565,28,0,4361,409.0,4770.0,8.57,SAFE
2020-04-03,USW00094240,6.04,0.06,0.0,0.0,40.0,48.0,36.0,260.0,240.0,18.1,25.1,8167,91398,0.0,338,99565,28,0,4361,409.0,4770.0,8.57,SAFE
2020-04-03,USW00094119,10.51,0.04,0.0,0.0,36.0,45.0,25.0,220.0,200.0,25.9,32.0,8167,91398,0.0,338,99565,28,0,4361,409.0,4770.0,8.57,SAFE
2020-04-03,USW00024141,11.86,0.0,0.0,0.0,41.0,52.0,28.0,260.0,220.0,30.0,42.1,8167,91398,0.0,338,99565,28,0,4361,409.0,4770.0,8.57,SAFE
2020-04-03,USW00024233,12.08,0.0,0.0,0.0,43.0,50.0,37.0,200.0,190.0,23.9,30.0,8167,91398,0.0,338,99565,28,0,4361,409.0,4770.0,8.57,SAFE
2020-04-03,USW00024243,6.93,0.0,0.0,0.0,37.0,53.0,19.0,280.0,280.0,28.0,36.9,8167,91398,0.0,338,99565,28,0,4361,409.0,4770.0,8.57,SAFE
2020-04-03,USW00024157,14.54,0.0,0.0,0.0,37.0,43.0,26.0,280.0,270.0,29.1,35.1,8167,91398,0.0,338,99565,28,0,4361,409.0,4770.0,8.57,SAFE
2020-04-04,USW00024227,4.7,0.01,0.0,0.0,38.0,54.0,27.0,20.0,30.0,15.0,19.9,8375,93772,574.0,365,102147,27,0,2374,208.0,2582.0,8.06,SAFE
2020-04-04,USW00094240,5.14,0.0,0.0,0.0,39.0,49.0,35.0,50.0,50.0,14.1,19.0,8375,93772,574.0,365,102147,27,0,2374,208.0,2582.0,8.06,SAFE
2020-04-04,USW00094119,6.71,0.0,0.0,0.0,33.0,47.0,19.0,40.0,50.0,14.1,18.1,8375,93772,574.0,365,102147,27,0,2374,208.0,2582.0,8.06,SAFE
2020-04-04,USW00024141,6.26,0.0,0.0,0.0,40.0,53.0,25.0,60.0,330.0,14.1,19.0,8375,93772,574.0,365,102147,27,0,2374,208.0,2582.0,8.06,SAFE
2020-04-04,USW00024233,8.05,0.0,0.0,0.0,42.0,56.0,35.0,10.0,360.0,18.1,21.0,8375,93772,574.0,365,102147,27,0,2374,208.0,2582.0,8.06,SAFE
2020-04-04,USW00024243,4.03,0.0,0.0,0.0,40.0,52.0,31.0,30.0,70.0,12.1,14.1,8375,93772,574.0,365,102147,27,0,2374,208.0,2582.0,8.06,SAFE
2020-04-04,USW00024157,6.26,0.0,0.0,0.0,34.0,46.0,25.0,40.0,60.0,15.0,19.0,8375,93772,574.0,365,102147,27,0,2374,208.0,2582.0,8.06,SAFE
2020-04-05,USW00024227,4.92,0.01,0.0,0.0,47.0,59.0,35.0,40.0,20.0,13.0,18.1,8544,95545,581.0,386,104089,21,0,1773,169.0,1942.0,8.7,SAFE
2020-04-05,USW00094240,5.59,0.0,0.0,0.0,44.0,57.0,36.0,50.0,260.0,13.0,17.0,8544,95545,581.0,386,104089,21,0,1773,169.0,1942.0,8.7,SAFE
2020-04-05,USW00094119,3.36,0.01,0.0,0.0,38.0,48.0,27.0,40.0,50.0,10.1,13.0,8544,95545,581.0,386,104089,21,0,1773,169.0,1942.0,8.7,SAFE
2020-04-05,USW00024141,4.7,0.0,0.0,0.0,45.0,54.0,31.0,80.0,70.0,14.1,17.0,8544,95545,581.0,386,104089,21,0,1773,169.0,1942.0,8.7,SAFE
2020-04-05,USW00024233,11.18,0.0,0.0,0.0,48.0,56.0,44.0,350.0,350.0,17.0,21.0,8544,95545,581.0,386,104089,21,0,1773,169.0,1942.0,8.7,SAFE
2020-04-05,USW00024243,3.58,0.0,0.0,0.0,46.0,55.0,32.0,250.0,250.0,12.1,13.0,8544,95545,581.0,386,104089,21,0,1773,169.0,1942.0,8.7,SAFE
2020-04-05,USW00024157,5.59,0.05,0.6,0.0,37.0,47.0,31.0,30.0,30.0,10.1,12.1,8544,95545,581.0,386,104089,21,0,1773,169.0,1942.0,8.7,SAFE
2020-04-06,USW00024227,3.36,0.0,0.0,0.0,45.0,63.0,30.0,280.0,290.0,14.1,18.1,8937,100203,638.0,407,109140,21,0,4658,393.0,5051.0,7.78,SAFE
2020-04-06,USW00094240,3.8,0.0,0.0,0.0,43.0,55.0,28.0,240.0,250.0,14.1,17.0,8937,100203,638.0,407,109140,21,0,4658,393.0,5051.0,7.78,SAFE
2020-04-06,USW00094119,5.37,0.0,0.0,0.0,40.0,57.0,26.0,240.0,230.0,17.0,23.9,8937,100203,638.0,407,109140,21,0,4658,393.0,5051.0,7.78,SAFE
2020-04-06,USW00024141,9.17,0.0,0.0,0.0,46.0,65.0,30.0,300.0,290.0,28.0,33.1,8937,100203,638.0,407,109140,21,0,4658,393.0,5051.0,7.78,SAFE
2020-04-06,USW00024233,4.03,0.0,0.0,0.0,49.0,60.0,39.0,260.0,200.0,10.1,14.1,8937,100203,638.0,407,109140,21,0,4658,393.0,5051.0,7.78,SAFE
2020-04-06,USW00024243,6.49,0.0,0.0,0.0,44.0,68.0,28.0,330.0,340.0,16.1,19.9,8937,100203,638.0,407,109140,21,0,4658,393.0,5051.0,7.78,SAFE
2020-04-06,USW00024157,7.61,0.0,0.0,0.0,42.0,57.0,31.0,250.0,240.0,21.0,25.9,8937,100203,638.0,407,109140,21,0,4658,393.0,5051.0,7.78,SAFE
2020-04-07,USW00024227,2.68,0.0,0.0,0.0,46.0,58.0,32.0,70.0,70.0,10.1,13.0,9346,104943,641.0,429,114289,22,0,4740,409.0,5149.0,7.94,SAFE
2020-04-07,USW00094240,3.8,0.0,0.0,0.0,45.0,53.0,33.0,260.0,250.0,14.1,18.1,9346,104943,641.0,429,114289,22,0,4740,409.0,5149.0,7.94,SAFE
2020-04-07,USW00094119,7.61,0.0,0.0,0.0,45.0,61.0,29.0,230.0,230.0,17.0,23.0,9346,104943,641.0,429,114289,22,0,4740,409.0,5149.0,7.94,SAFE
2020-04-07,USW00024141,8.5,0.0,0.0,0.0,53.0,68.0,36.0,310.0,310.0,21.9,28.0,9346,104943,641.0,429,114289,22,0,4740,409.0,5149.0,7.94,SAFE
2020-04-07,USW00024233,6.49,0.0,0.0,0.0,48.0,56.0,40.0,210.0,210.0,12.1,15.0,9346,104943,641.0,429,114289,22,0,4740,409.0,5149.0,7.94,SAFE
2020-04-07,USW00024243,10.29,0.0,0.0,0.0,53.0,73.0,32.0,320.0,330.0,23.9,30.0,9346,104943,641.0,429,114289,22,0,4740,409.0,5149.0,7.94,SAFE
2020-04-07,USW00024157,10.51,0.0,0.0,0.0,47.0,60.0,34.0,240.0,230.0,19.9,23.9,9346,104943,641.0,429,114289,22,0,4740,409.0,5149.0,7.94,SAFE
2020-04-08,USW00024227,4.92,0.0,0.0,0.0,45.0,64.0,28.0,40.0,60.0,14.1,19.0,9687,109332,655.0,443,119019,14,0,4389,341.0,4730.0,7.21,SAFE
2020-04-08,USW00094240,5.82,0.0,0.0,0.0,44.0,62.0,29.0,330.0,320.0,15.0,19.9,9687,109332,655.0,443,119019,14,0,4389,341.0,4730.0,7.21,SAFE
2020-04-08,USW00094119,4.25,0.0,0.0,0.0,44.0,64.0,25.0,340.0,340.0,14.1,17.0,9687,109332,655.0,443,119019,14,0,4389,341.0,4730.0,7.21,SAFE
2020-04-08,USW00024141,9.17,0.0,0.0,0.0,56.0,68.0,44.0,10.0,340.0,18.1,21.9,9687,109332,655.0,443,119019,14,0,4389,341.0,4730.0,7.21,SAFE
2020-04-08,USW00024233,8.95,0.0,0.0,0.0,50.0,63.0,39.0,10.0,10.0,17.0,21.0,9687,109332,655.0,443,119019,14,0,4389,341.0,4730.0,7.21,SAFE
2020-04-08,USW00024243,5.82,0.0,0.0,0.0,55.0,71.0,31.0,270.0,270.0,14.1,15.0,9687,109332,655.0,443,119019,14,0,4389,341.0,4730.0,7.21,SAFE
2020-04-08,USW00024157,4.92,0.0,0.0,0.0,49.0,64.0,33.0,330.0,320.0,14.1,19.0,9687,109332,655.0,443,119019,14,0,4389,341.0,4730.0,7.21,SAFE
2020-04-09,USW00024227,4.03,0.0,0.0,0.0,50.0,70.0,31.0,70.0,30.0,13.0,19.0,10049,113164,650.0,459,123213,16,0,3832,362.0,4194.0,8.63,SAFE
2020-04-09,USW00094240,4.25,0.0,0.0,0.0,48.0,63.0,32.0,340.0,340.0,16.1,23.0,10049,113164,650.0,459,123213,16,0,3832,362.0,4194.0,8.63,SAFE
2020-04-09,USW00094119,3.36,0.0,0.0,0.0,46.0,69.0,26.0,230.0,240.0,14.1,17.0,10049,113164,650.0,459,123213,16,0,3832,362.0,4194.0,8.63,SAFE
2020-04-09,USW00024141,7.38,0.0,0.0,0.0,55.0,74.0,36.0,200.0,190.0,14.1,17.0,10049,113164,650.0,459,123213,16,0,3832,362.0,4194.0,8.63,SAFE
2020-04-09,USW00024233,7.83,0.0,0.0,0.0,54.0,69.0,42.0,350.0,350.0,16.1,19.9,10049,113164,650.0,459,123213,16,0,3832,362.0,4194.0,8.63,SAFE
2020-04-09,USW00024243,5.37,0.0,0.0,0.0,54.0,77.0,33.0,270.0,310.0,12.1,15.0,10049,113164,650.0,459,123213,16,0,3832,362.0,4194.0,8.63,SAFE
2020-04-09,USW00024157,5.37,0.0,0.0,0.0,51.0,69.0,38.0,260.0,260.0,14.1,16.1,10049,113164,650.0,459,123213,16,0,3832,362.0,4194.0,8.63,SAFE
2020-04-10,USW00024227,6.26,0.0,0.0,0.0,50.0,63.0,35.0,210.0,210.0,15.0,19.9,10350,117099,642.0,476,127449,17,0,3935,301.0,4236.0,7.11,SAFE
2020-04-10,USW00094240,4.47,0.0,0.0,0.0,49.0,52.0,46.0,270.0,260.0,12.1,17.0,10350,117099,642.0,476,127449,17,0,3935,301.0,4236.0,7.11,SAFE
2020-04-10,USW00094119,3.36,0.0,0.0,0.0,49.0,69.0,29.0,240.0,230.0,12.1,18.1,10350,117099,642.0,476,127449,17,0,3935,301.0,4236.0,7.11,SAFE
2020-04-10,USW00024141,12.97,0.0,0.0,0.0,59.0,76.0,36.0,310.0,310.0,32.0,42.1,10350,117099,642.0,476,127449,17,0,3935,301.0,4236.0,7.11,SAFE
2020-04-10,USW00024233,6.93,0.0,0.0,0.0,55.0,64.0,44.0,210.0,210.0,16.1,19.9,10350,117099,642.0,476,127449,17,0,3935,301.0,4236.0,7.11,SAFE
2020-04-10,USW00024243,10.74,0.0,0.0,0.0,62.0,80.0,40.0,350.0,350.0,28.0,35.1,10350,117099,642.0,476,127449,17,0,3935,301.0,4236.0,7.11,SAFE
2020-04-10,USW00024157,6.93,0.0,0.0,0.0,55.0,70.0,41.0,270.0,260.0,23.9,28.0,10350,117099,642.0,476,127449,17,0,3935,301.0,4236.0,7.11,SAFE
2020-04-11,USW00024227,5.82,0.0,0.0,0.0,50.0,60.0,31.0,90.0,20.0,15.0,21.0,10504,118987,649.0,494,129491,18,0,1888,154.0,2042.0,7.54,SAFE
2020-04-11,USW00094240,5.37,0.0,0.0,0.0,49.0,61.0,37.0,230.0,70.0,18.1,25.9,10504,118987,649.0,494,129491,18,0,1888,154.0,2042.0,7.54,SAFE
2020-04-11,USW00094119,10.51,0.0,0.0,0.0,48.0,55.0,22.0,40.0,40.0,25.9,33.1,10504,118987,649.0,494,129491,18,0,1888,154.0,2042.0,7.54,SAFE
2020-04-11,USW00024141,18.34,0.0,0.0,0.0,57.0,60.0,35.0,10.0,10.0,35.1,44.1,10504,118987,649.0,494,129491,18,0,1888,154.0,2042.0,7.54,SAFE
2020-04-11,USW00024233,8.72,0.0,0.0,0.0,51.0,60.0,44.0,340.0,350.0,21.0,25.9,10504,118987,649.0,494,129491,18,0,1888,154.0,2042.0,7.54,SAFE
2020-04-11,USW00024243,9.62,0.0,0.0,0.0,59.0,67.0,43.0,310.0,310.0,21.9,28.0,10504,118987,649.0,494,129491,18,0,1888,154.0,2042.0,7.54,SAFE
2020-04-11,USW00024157,14.76,0.0,0.0,0.0,52.0,54.0,35.0,20.0,350.0,28.0,36.0,10504,118987,649.0,494,129491,18,0,1888,154.0,2042.0,7.54,SAFE
2020-04-12,USW00024227,4.25,0.0,0.0,0.0,44.0,63.0,24.0,70.0,80.0,17.0,19.9,10588,120328,642.0,509,130916,15,0,1341,84.0,1425.0,5.89,SAFE
2020-04-12,USW00094240,5.59,0.0,0.0,0.0,47.0,64.0,28.0,20.0,30.0,18.1,23.9,10588,120328,642.0,509,130916,15,0,1341,84.0,1425.0,5.89,SAFE
2020-04-12,USW00094119,4.25,0.0,0.0,0.0,35.0,49.0,21.0,70.0,60.0,16.1,27.1,10588,120328,642.0,509,130916,15,0,1341,84.0,1425.0,5.89,SAFE
2020-04-12,USW00024141,7.61,0.0,0.0,0.0,44.0,57.0,28.0,30.0,40.0,19.9,21.9,10588,120328,642.0,509,130916,15,0,1341,84.0,1425.0,5.89,SAFE
2020-04-12,USW00024233,8.5,0.0,0.0,0.0,50.0,60.0,37.0,10.0,10.0,25.1,31.1,10588,120328,642.0,509,130916,15,0,1341,84.0,1425.0,5.89,SAFE
2020-04-12,USW00024243,5.82,0.0,0.0,0.0,52.0,60.0,35.0,70.0,70.0,14.1,18.1,10588,120328,642.0,509,130916,15,0,1341,84.0,1425.0,5.89,SAFE
2020-04-12,USW00024157,5.59,0.0,0.0,0.0,38.0,46.0,29.0,20.0,350.0,15.0,18.1,10588,120328,642.0,509,130916,15,0,1341,84.0,1425.0,5.89,SAFE
2020-04-13,USW00024227,3.13,0.0,0.0,0.0,45.0,66.0,23.0,40.0,350.0,12.1,16.1,10943,124105,527.0,526,135048,17,0,3777,355.0,4132.0,8.59,SAFE
2020-04-13,USW00094240,3.8,0.0,0.0,0.0,46.0,61.0,27.0,240.0,270.0,15.0,18.1,10943,124105,527.0,526,135048,17,0,3777,355.0,4132.0,8.59,SAFE
2020-04-13,USW00094119,3.8,0.0,0.0,0.0,34.0,55.0,15.0,320.0,290.0,16.1,23.0,10943,124105,527.0,526,135048,17,0,3777,355.0,4132.0,8.59,SAFE
2020-04-13,USW00024141,8.72,0.0,0.0,0.0,47.0,64.0,29.0,340.0,300.0,18.1,23.9,10943,124105,527.0,526,135048,17,0,3777,355.0,4132.0,8.59,SAFE
2020-04-13,USW00024233,5.82,0.0,0.0,0.0,50.0,64.0,38.0,20.0,30.0,15.0,18.1,10943,124105,527.0,526,135048,17,0,3777,355.0,4132.0,8.59,SAFE
2020-04-13,USW00024243,5.59,0.0,0.0,0.0,46.0,65.0,25.0,320.0,320.0,21.0,27.1,10943,124105,527.0,526,135048,17,0,3777,355.0,4132.0,8.59,SAFE
2020-04-13,USW00024157,6.93,0.0,0.0,0.0,38.0,53.0,24.0,220.0,250.0,18.1,23.0,10943,124105,527.0,526,135048,17,0,3777,355.0,4132.0,8.59,SAFE
2020-04-14,USW00024227,7.16,0.0,0.0,0.0,51.0,65.0,33.0,250.0,210.0,16.1,21.0,11234,128037,387.0,542,139271,16,0,3932,291.0,4223.0,6.89,SAFE
2020-04-14,USW00094240,3.36,0.0,0.0,0.0,46.0,55.0,36.0,260.0,220.0,14.1,17.0,11234,128037,387.0,542,139271,16,0,3932,291.0,4223.0,6.89,SAFE
2020-04-14,USW00094119,5.82,0.0,0.0,0.0,45.0,58.0,38.0,260.0,280.0,16.1,21.9,11234,128037,387.0,542,139271,16,0,3932,291.0,4223.0,6.89,SAFE
2020-04-14,USW00024141,11.41,0.0,0.0,0.0,55.0,71.0,45.0,320.0,320.0,25.1,32.0,11234,128037,387.0,542,139271,16,0,3932,291.0,4223.0,6.89,SAFE
2020-04-14,USW00024233,7.83,0.0,0.0,0.0,53.0,64.0,42.0,220.0,210.0,16.1,21.0,11234,128037,387.0,542,139271,16,0,3932,291.0,4223.0,6.89,SAFE
2020-04-14,USW00024243,8.5,0.0,0.0,0.0,55.0,78.0,38.0,300.0,300.0,25.1,30.0,11234,128037,387.0,542,139271,16,0,3932,291.0,4223.0,6.89,SAFE
2020-04-14,USW00024157,8.28,0.0,0.0,0.0,47.0,57.0,39.0,280.0,270.0,21.9,28.0,11234,128037,387.0,542,139271,16,0,3932,291.0,4223.0,6.89,SAFE
2020-04-15,USW00024227,5.82,0.0,0.0,0.0,53.0,67.0,39.0,40.0,30.0,16.1,27.1,11558,131829,645.0,551,143387,9,0,3792,324.0,4116.0,7.87,SAFE
2020-04-15,USW00094240,5.14,0.0,0.0,0.0,49.0,57.0,40.0,240.0,280.0,16.1,18.1,11558,131829,645.0,551,143387,9,0,3792,324.0,4116.0,7.87,SAFE
2020-04-15,USW00094119,8.95,0.01,0.0,0.0,47.0,58.0,33.0,40.0,40.0,21.9,28.0,11558,131829,645.0,551,143387,9,0,3792,324.0,4116.0,7.87,SAFE
2020-04-15,USW00024141,14.54,0.0,0.0,0.0,57.0,62.0,40.0,40.0,30.0,33.1,38.9,11558,131829,645.0,551,143387,9,0,3792,324.0,4116.0,7.87,SAFE
2020-04-15,USW00024233,6.93,0.0,0.0,0.0,54.0,66.0,49.0,10.0,330.0,17.0,23.0,11558,131829,645.0,551,143387,9,0,3792,324.0,4116.0,7.87,SAFE
2020-04-15,USW00024243,12.75,0.0,0.0,0.0,63.0,70.0,37.0,50.0,60.0,32.0,40.9,11558,131829,645.0,551,143387,9,0,3792,324.0,4116.0,7.87,SAFE
2020-04-15,USW00024157,10.74,0.05,0.0,0.0,48.0,55.0,39.0,50.0,50.0,21.9,28.0,11558,131829,645.0,551,143387,9,0,3792,324.0,4116.0,7.87,SAFE
2020-04-16,USW00024227,2.91,0.0,0.0,0.0,51.0,70.0,31.0,10.0,350.0,14.1,19.0,11862,135797,595.0,571,147659,20,0,3968,304.0,4272.0,7.12,SAFE
2020-04-16,USW00094240,4.92,0.0,0.0,0.0,49.0,66.0,33.0,220.0,260.0,14.1,18.1,11862,135797,595.0,571,147659,20,0,3968,304.0,4272.0,7.12,SAFE
2020-04-16,USW00094119,3.8,0.0,0.0,0.0,43.0,57.0,23.0,200.0,250.0,14.1,19.0,11862,135797,595.0,571,147659,20,0,3968,304.0,4272.0,7.12,SAFE
2020-04-16,USW00024141,5.82,0.0,0.0,0.0,49.0,61.0,35.0,220.0,240.0,12.1,16.1,11862,135797,595.0,571,147659,20,0,3968,304.0,4272.0,7.12,SAFE
2020-04-16,USW00024233,6.26,0.0,0.0,0.0,57.0,70.0,44.0,310.0,300.0,15.0,19.0,11862,135797,595.0,571,147659,20,0,3968,304.0,4272.0,7.12,SAFE
2020-04-16,USW00024243,5.82,0.0,0.0,0.0,49.0,65.0,32.0,260.0,260.0,13.0,14.1,11862,135797,595.0,571,147659,20,0,3968,304.0,4272.0,7.12,SAFE
2020-04-16,USW00024157,6.93,0.0,0.0,0.0,46.0,56.0,35.0,250.0,290.0,13.0,15.0,11862,135797,595.0,571,147659,20,0,3968,304.0,4272.0,7.12,SAFE
2020-04-17,USW00024227,3.58,0.0,0.0,0.0,53.0,74.0,31.0,330.0,320.0,14.1,17.0,12203,139825,622.0,585,152028,14,0,4028,341.0,4369.0,7.8,SAFE
2020-04-17,USW00094240,3.58,0.0,0.0,0.0,47.0,61.0,33.0,270.0,270.0,16.1,19.0,12203,139825,622.0,585,152028,14,0,4028,341.0,4369.0,7.8,SAFE
2020-04-17,USW00094119,5.82,0.0,0.0,0.0,42.0,63.0,23.0,220.0,190.0,17.0,23.9,12203,139825,622.0,585,152028,14,0,4028,341.0,4369.0,7.8,SAFE
2020-04-17,USW00024141,8.28,0.0,0.0,0.0,49.0,73.0,29.0,220.0,170.0,17.0,21.9,12203,139825,622.0,585,152028,14,0,4028,341.0,4369.0,7.8,SAFE
2020-04-17,USW00024233,5.37,0.0,0.0,0.0,57.0,71.0,44.0,20.0,20.0,14.1,15.0,12203,139825,622.0,585,152028,14,0,4028,341.0,4369.0,7.8,SAFE
2020-04-17,USW00024243,5.82,0.0,0.0,0.0,49.0,77.0,27.0,20.0,160.0,15.0,17.0,12203,139825,622.0,585,152028,14,0,4028,341.0,4369.0,7.8,SAFE
2020-04-17,USW00024157,8.72,0.0,0.0,0.0,47.0,64.0,33.0,230.0,230.0,21.0,25.9,12203,139825,622.0,585,152028,14,0,4028,341.0,4369.0,7.8,SAFE
2020-04-18,USW00024227,6.71,0.01,0.0,0.0,54.0,59.0,44.0,210.0,260.0,14.1,18.1,12372,141881,518.0,598,154253,13,0,2056,169.0,2225.0,7.6,SAFE
2020-04-18,USW00094240,3.58,0.01,0.0,0.0,49.0,58.0,45.0,220.0,210.0,12.1,16.1,12372,141881,518.0,598,154253,13,0,2056,169.0,2225.0,7.6,SAFE
2020-04-18,USW00094119,5.59,0.0,0.0,0.0,53.0,63.0,34.0,360.0,40.0,15.0,17.0,12372,141881,518.0,598,154253,13,0,2056,169.0,2225.0,7.6,SAFE
2020-04-18,USW00024141,8.28,0.0,0.0,0.0,61.0,70.0,47.0,360.0,10.0,18.1,21.9,12372,141881,518.0,598,154253,13,0,2056,169.0,2225.0,7.6,SAFE
2020-04-18,USW00024233,5.82,0.05,0.0,0.0,54.0,57.0,48.0,230.0,200.0,10.1,17.0,12372,141881,518.0,598,154253,13,0,2056,169.0,2225.0,7.6,SAFE
2020-04-18,USW00024243,7.16,0.0,0.0,0.0,63.0,72.0,45.0,320.0,330.0,21.9,28.0,12372,141881,518.0,598,154253,13,0,2056,169.0,2225.0,7.6,SAFE
2020-04-18,USW00024157,5.37,0.0,0.0,0.0,55.0,64.0,47.0,210.0,20.0,15.0,17.0,12372,141881,518.0,598,154253,13,0,2056,169.0,2225.0,7.6,SAFE
2020-04-19,USW00024227,2.68,0.0,0.0,0.0,51.0,62.0,40.0,250.0,220.0,8.9,12.1,12461,143313,586.0,615,155774,17,0,1432,89.0,1521.0,5.85,SAFE
2020-04-19,USW00094240,4.03,0.04,0.0,0.0,50.0,60.0,39.0,250.0,250.0,16.1,21.0,12461,143313,586.0,615,155774,17,0,1432,89.0,1521.0,5.85,SAFE
2020-04-19,USW00094119,2.91,0.0,0.0,0.0,45.0,61.0,29.0,180.0,180.0,14.1,16.1,12461,143313,586.0,615,155774,17,0,1432,89.0,1521.0,5.85,SAFE
2020-04-19,USW00024141,5.82,0.0,0.0,0.0,55.0,71.0,42.0,180.0,210.0,15.0,23.9,12461,143313,586.0,615,155774,17,0,1432,89.0,1521.0,5.85,SAFE
2020-04-19,USW00024233,6.04,0.0,0.0,0.0,53.0,65.0,48.0,20.0,20.0,12.1,14.1,12461,143313,586.0,615,155774,17,0,1432,89.0,1521.0,5.85,SAFE
2020-04-19,USW00024243,5.82,0.0,0.0,0.0,57.0,73.0,35.0,320.0,150.0,14.1,21.0,12461,143313,586.0,615,155774,17,0,1432,89.0,1521.0,5.85,SAFE
2020-04-19,USW00024157,6.93,0.0,0.0,0.0,50.0,63.0,38.0,230.0,230.0,19.9,23.0,12461,143313,586.0,615,155774,17,0,1432,89.0,1521.0,5.85,SAFE
2020-04-20,USW00024227,3.8,0.0,0.0,0.0,50.0,67.0,34.0,290.0,270.0,12.1,15.0,12787,147663,403.0,629,160450,14,0,4350,326.0,4676.0,6.97,SAFE
2020-04-20,USW00094240,3.8,0.0,0.0,0.0,47.0,57.0,36.0,250.0,260.0,14.1,17.0,12787,147663,403.0,629,160450,14,0,4350,326.0,4676.0,6.97,SAFE
2020-04-20,USW00094119,2.91,0.0,0.0,0.0,49.0,67.0,30.0,250.0,260.0,13.0,16.1,12787,147663,403.0,629,160450,14,0,4350,326.0,4676.0,6.97,SAFE
2020-04-20,USW00024141,8.05,0.0,0.0,0.0,59.0,74.0,40.0,310.0,310.0,25.1,30.0,12787,147663,403.0,629,160450,14,0,4350,326.0,4676.0,6.97,SAFE
2020-04-20,USW00024233,6.04,0.0,0.0,0.0,55.0,67.0,45.0,220.0,230.0,14.1,18.1,12787,147663,403.0,629,160450,14,0,4350,326.0,4676.0,6.97,SAFE
2020-04-20,USW00024243,6.71,0.0,0.0,0.0,59.0,77.0,38.0,320.0,320.0,19.9,25.9,12787,147663,403.0,629,160450,14,0,4350,326.0,4676.0,6.97,SAFE
2020-04-20,USW00024157,6.26,0.0,0.0,0.0,55.0,68.0,42.0,230.0,230.0,15.0,19.0,12787,147663,403.0,629,160450,14,0,4350,326.0,4676.0,6.97,SAFE
2020-04-21,USW00024227,6.04,0.0,0.0,0.0,52.0,59.0,39.0,240.0,220.0,13.0,17.0,13051,152469,503.0,640,165520,11,0,4806,264.0,5070.0,5.21,SAFE
2020-04-21,USW00094240,5.82,0.01,0.0,0.0,51.0,59.0,47.0,220.0,220.0,16.1,19.9,13051,152469,503.0,640,165520,11,0,4806,264.0,5070.0,5.21,SAFE
2020-04-21,USW00094119,9.84,0.0,0.0,0.0,50.0,68.0,31.0,240.0,240.0,21.9,32.0,13051,152469,503.0,640,165520,11,0,4806,264.0,5070.0,5.21,SAFE
2020-04-21,USW00024141,11.18,0.0,0.0,0.0,61.0,73.0,44.0,290.0,300.0,25.1,32.0,13051,152469,503.0,640,165520,11,0,4806,264.0,5070.0,5.21,SAFE
2020-04-21,USW00024233,9.17,0.0,0.0,0.0,53.0,58.0,47.0,190.0,210.0,18.1,23.0,13051,152469,503.0,640,165520,11,0,4806,264.0,5070.0,5.21,SAFE
2020-04-21,USW00024243,8.05,0.0,0.0,0.0,62.0,73.0,40.0,280.0,270.0,23.0,28.0,13051,152469,503.0,640,165520,11,0,4806,264.0,5070.0,5.21,SAFE
2020-04-21,USW00024157,13.65,0.0,0.0,0.0,55.0,66.0,42.0,220.0,220.0,23.9,32.0,13051,152469,503.0,640,165520,11,0,4806,264.0,5070.0,5.21,SAFE
2020-04-22,USW00024227,6.04,0.44,0.0,0.0,48.0,54.0,38.0,230.0,180.0,14.1,19.0,13328,157438,543.0,647,170766,7,0,4969,277.0,5246.0,5.28,SAFE
2020-04-22,USW00094240,4.92,1.04,0.0,0.0,49.0,54.0,47.0,200.0,200.0,10.1,14.1,13328,157438,543.0,647,170766,7,0,4969,277.0,5246.0,5.28,SAFE
2020-04-22,USW00094119,6.26,0.23,0.0,0.0,49.0,56.0,37.0,210.0,170.0,18.1,23.0,13328,157438,543.0,647,170766,7,0,4969,277.0,5246.0,5.28,SAFE
2020-04-22,USW00024141,3.58,0.07,0.0,0.0,53.0,56.0,40.0,210.0,120.0,12.1,14.1,13328,157438,543.0,647,170766,7,0,4969,277.0,5246.0,5.28,SAFE
2020-04-22,USW00024233,5.82,0.5,0.0,0.0,52.0,54.0,49.0,220.0,220.0,16.1,21.0,13328,157438,543.0,647,170766,7,0,4969,277.0,5246.0,5.28,SAFE
2020-04-22,USW00024243,4.7,0.06,0.0,0.0,53.0,65.0,41.0,330.0,300.0,17.0,23.0,13328,157438,543.0,647,170766,7,0,4969,277.0,5246.0,5.28,SAFE
2020-04-22,USW00024157,10.51,0.15,0.0,0.0,50.0,54.0,40.0,210.0,190.0,19.9,25.9,13328,157438,543.0,647,170766,7,0,4969,277.0,5246.0,5.28,SAFE
2020-04-23,USW00024227,9.4,0.01,0.0,0.0,52.0,62.0,45.0,240.0,260.0,19.9,23.0,13589,162598,544.0,654,176187,7,0,5160,261.0,5421.0,4.81,SAFE
2020-04-23,USW00094240,4.47,0.04,0.0,0.0,49.0,57.0,46.0,250.0,200.0,12.1,17.0,13589,162598,544.0,654,176187,7,0,5160,261.0,5421.0,4.81,SAFE
2020-04-23,USW00094119,4.92,0.01,0.0,0.0,47.0,61.0,34.0,230.0,250.0,18.1,25.1,13589,162598,544.0,654,176187,7,0,5160,261.0,5421.0,4.81,SAFE
2020-04-23,USW00024141,10.51,0.0,0.0,0.0,55.0,70.0,44.0,280.0,300.0,25.9,32.0,13589,162598,544.0,654,176187,7,0,5160,261.0,5421.0,4.81,SAFE
2020-04-23,USW00024233,8.5,0.3,0.0,0.0,52.0,59.0,48.0,210.0,150.0,14.1,16.1,13589,162598,544.0,654,176187,7,0,5160,261.0,5421.0,4.81,SAFE
2020-04-23,USW00024243,11.41,0.0,0.0,0.0,58.0,70.0,47.0,280.0,270.0,23.0,28.0,13589,162598,544.0,654,176187,7,0,5160,261.0,5421.0,4.81,SAFE
2020-04-23,USW00024157,10.51,0.0,0.0,0.0,49.0,63.0,42.0,250.0,260.0,25.1,30.0,13589,162598,544.0,654,176187,7,0,5160,261.0,5421.0,4.81,SAFE
2020-04-24,USW00024227,2.91,0.01,0.0,0.0,51.0,59.0,44.0,180.0,180.0,13.0,15.0,13933,169096,551.0,659,183029,5,0,6498,344.0,6842.0,5.03,SAFE
2020-04-24,USW00094240,4.47,0.11,0.0,0.0,49.0,58.0,45.0,200.0,180.0,13.0,19.9,13933,169096,551.0,659,183029,5,0,6498,344.0,6842.0,5.03,SAFE
2020-04-24,USW00094119,3.36,0.0,0.0,0.0,47.0,61.0,30.0,160.0,210.0,12.1,16.1,13933,169096,551.0,659,183029,5,0,6498,344.0,6842.0,5.03,SAFE
2020-04-24,USW00024141,5.82,0.0,0.0,0.0,55.0,68.0,40.0,190.0,230.0,15.0,21.9,13933,169096,551.0,659,183029,5,0,6498,344.0,6842.0,5.03,SAFE
2020-04-24,USW00024233,3.8,0.0,0.0,0.0,53.0,60.0,47.0,140.0,90.0,8.1,14.1,13933,169096,551.0,659,183029,5,0,6498,344.0,6842.0,5.03,SAFE
2020-04-24,USW00024243,5.14,0.0,0.0,0.0,56.0,70.0,43.0,170.0,190.0,16.1,21.0,13933,169096,551.0,659,183029,5,0,6498,344.0,6842.0,5.03,SAFE
2020-04-24,USW00024157,7.61,0.0,0.0,0.0,50.0,60.0,37.0,210.0,255.0,12.1,33.0,13933,169096,551.0,659,183029,5,0,6498,344.0,6842.0,5.03,SAFE
2020-04-25,USW00024227,8.72,0.36,0.0,0.0,54.0,61.0,43.0,230.0,220.0,21.9,29.1,14098,172290,455.0,665,186388,6,0,3194,165.0,3359.0,4.91,SAFE
2020-04-25,USW00094240,10.29,0.68,0.0,0.0,52.0,56.0,47.0,250.0,240.0,23.9,30.0,14098,172290,455.0,665,186388,6,0,3194,165.0,3359.0,4.91,SAFE
2020-04-25,USW00094119,8.05,0.09,0.0,0.0,49.0,62.0,34.0,230.0,240.0,28.0,34.0,14098,172290,455.0,665,186388,6,0,3194,165.0,3359.0,4.91,SAFE
2020-04-25,USW00024141,11.63,0.0,0.0,0.0,55.0,70.0,43.0,260.0,270.0,31.1,38.9,14098,172290,455.0,665,186388,6,0,3194,165.0,3359.0,4.91,SAFE
2020-04-25,USW00024233,11.63,0.59,0.0,0.0,56.0,62.0,49.0,230.0,230.0,23.0,32.0,14098,172290,455.0,665,186388,6,0,3194,165.0,3359.0,4.91,SAFE
2020-04-25,USW00024243,8.5,0.01,0.0,0.0,56.0,71.0,42.0,290.0,290.0,23.0,30.0,14098,172290,455.0,665,186388,6,0,3194,165.0,3359.0,4.91,SAFE
2020-04-25,USW00024157,13.65,0.03,0.0,0.0,53.0,63.0,44.0,230.0,250.0,30.0,36.0,14098,172290,455.0,665,186388,6,0,3194,165.0,3359.0,4.91,SAFE
2020-04-26,USW00024227,6.49,0.23,0.0,0.0,51.0,63.0,38.0,200.0,240.0,16.1,23.0,14204,173876,508.0,738,188080,73,0,1586,106.0,1692.0,6.26,SAFE
2020-04-26,USW00094240,6.93,0.67,0.0,0.0,50.0,57.0,44.0,140.0,200.0,18.1,27.1,14204,173876,508.0,738,188080,73,0,1586,106.0,1692.0,6.26,SAFE
2020-04-26,USW00094119,7.16,0.0,0.0,0.0,51.0,62.0,31.0,240.0,220.0,19.9,28.0,14204,173876,508.0,738,188080,73,0,1586,106.0,1692.0,6.26,SAFE
2020-04-26,USW00024141,9.17,0.0,0.0,0.0,56.0,66.0,41.0,310.0,300.0,23.9,28.0,14204,173876,508.0,738,188080,73,0,1586,106.0,1692.0,6.26,SAFE
2020-04-26,USW00024233,7.16,0.12,0.0,0.0,53.0,62.0,45.0,260.0,270.0,13.0,17.0,14204,173876,508.0,738,188080,73,0,1586,106.0,1692.0,6.26,SAFE
2020-04-26,USW00024243,5.37,0.0,0.0,0.0,54.0,70.0,34.0,180.0,190.0,17.0,21.0,14204,173876,508.0,738,188080,73,0,1586,106.0,1692.0,6.26,SAFE
2020-04-26,USW00024157,10.51,0.0,0.0,0.0,52.0,61.0,39.0,220.0,210.0,21.0,25.1,14204,173876,508.0,738,188080,73,0,1586,106.0,1692.0,6.26,SAFE
2020-04-27,USW00024227,10.07,0.21,0.0,0.0,54.0,63.0,40.0,240.0,250.0,19.9,25.9,14557,180476,536.0,749,195033,11,0,6600,353.0,6953.0,5.08,SAFE
2020-04-27,USW00094240,8.05,0.07,0.0,0.0,49.0,55.0,40.0,240.0,250.0,19.9,25.1,14557,180476,536.0,749,195033,11,0,6600,353.0,6953.0,5.08,SAFE
2020-04-27,USW00094119,13.65,0.03,0.0,0.0,53.0,67.0,34.0,250.0,240.0,33.1,42.9,14557,180476,536.0,749,195033,11,0,6600,353.0,6953.0,5.08,SAFE
2020-04-27,USW00024141,14.99,0.0,0.0,0.0,60.0,72.0,44.0,290.0,310.0,30.0,36.9,14557,180476,536.0,749,195033,11,0,6600,353.0,6953.0,5.08,SAFE
2020-04-27,USW00024233,10.74,0.09,0.0,0.0,55.0,63.0,48.0,210.0,210.0,21.9,28.0,14557,180476,536.0,749,195033,11,0,6600,353.0,6953.0,5.08,SAFE
2020-04-27,USW00024243,11.41,0.0,0.0,0.0,63.0,72.0,42.0,250.0,280.0,29.1,36.9,14557,180476,536.0,749,195033,11,0,6600,353.0,6953.0,5.08,SAFE
2020-04-27,USW00024157,20.8,0.01,0.0,0.0,56.0,66.0,43.0,280.0,270.0,38.0,46.1,14557,180476,536.0,749,195033,11,0,6600,353.0,6953.0,5.08,SAFE
2020-04-28,USW00024227,4.92,0.0,0.0,0.0,50.0,66.0,37.0,50.0,30.0,13.0,16.1,14837,186939,436.0,765,201776,16,0,6463,280.0,6743.0,4.15,SAFE
2020-04-28,USW00094240,4.25,0.09,0.0,0.0,48.0,55.0,40.0,180.0,190.0,12.1,17.0,14837,186939,436.0,765,201776,16,0,6463,280.0,6743.0,4.15,SAFE
2020-04-28,USW00094119,5.14,0.0,0.0,0.0,49.0,66.0,27.0,220.0,220.0,14.1,19.0,14837,186939,436.0,765,201776,16,0,6463,280.0,6743.0,4.15,SAFE
2020-04-28,USW00024141,5.59,0.0,0.0,0.0,55.0,69.0,39.0,300.0,310.0,15.0,18.1,14837,186939,436.0,765,201776,16,0,6463,280.0,6743.0,4.15,SAFE
2020-04-28,USW00024233,5.14,0.0,0.0,0.0,53.0,63.0,45.0,340.0,340.0,13.0,15.0,14837,186939,436.0,765,201776,16,0,6463,280.0,6743.0,4.15,SAFE
2020-04-28,USW00024243,4.47,0.0,0.0,0.0,55.0,71.0,34.0,170.0,350.0,10.1,17.0,14837,186939,436.0,765,201776,16,0,6463,280.0,6743.0,4.15,SAFE
2020-04-28,USW00024157,5.59,0.0,0.0,0.0,51.0,66.0,37.0,220.0,220.0,14.1,19.9,14837,186939,436.0,765,201776,16,0,6463,280.0,6743.0,4.15,SAFE
2020-04-29,USW00024227,7.61,0.01,0.0,0.0,57.0,71.0,49.0,240.0,250.0,18.1,25.1,15155,193185,490.0,786,208340,21,0,6246,318.0,6564.0,4.84,SAFE
2020-04-29,USW00094240,6.49,0.44,0.0,0.0,50.0,58.0,44.0,190.0,180.0,21.0,33.1,15155,193185,490.0,786,208340,21,0,6246,318.0,6564.0,4.84,SAFE
2020-04-29,USW00094119,7.16,0.0,0.0,0.0,56.0,74.0,40.0,20.0,30.0,17.0,21.0,15155,193185,490.0,786,208340,21,0,6246,318.0,6564.0,4.84,SAFE
2020-04-29,USW00024141,8.05,0.0,0.0,0.0,62.0,76.0,50.0,220.0,210.0,15.0,19.9,15155,193185,490.0,786,208340,21,0,6246,318.0,6564.0,4.84,SAFE
2020-04-29,USW00024233,9.84,0.04,0.0,0.0,56.0,70.0,49.0,240.0,240.0,18.1,25.9,15155,193185,490.0,786,208340,21,0,6246,318.0,6564.0,4.84,SAFE
2020-04-29,USW00024243,7.83,0.0,0.0,0.0,63.0,78.0,49.0,260.0,190.0,21.0,27.1,15155,193185,490.0,786,208340,21,0,6246,318.0,6564.0,4.84,SAFE
2020-04-29,USW00024157,11.18,0.0,0.0,0.0,59.0,78.0,48.0,240.0,230.0,21.0,25.9,15155,193185,490.0,786,208340,21,0,6246,318.0,6564.0,4.84,SAFE
2020-04-30,USW00024227,8.5,0.04,0.0,0.0,54.0,58.0,37.0,260.0,260.0,18.1,25.1,15396,199098,474.0,801,214494,15,0,5913,241.0,6154.0,3.92,SAFE
2020-04-30,USW00094240,5.82,0.19,0.0,0.0,50.0,55.0,44.0,220.0,210.0,16.1,21.0,15396,199098,474.0,801,214494,15,0,5913,241.0,6154.0,3.92,SAFE
2020-04-30,USW00094119,13.42,0.0,0.0,0.0,60.0,65.0,44.0,230.0,240.0,25.1,31.1,15396,199098,474.0,801,214494,15,0,5913,241.0,6154.0,3.92,SAFE
2020-04-30,USW00024141,12.53,0.0,0.0,0.0,63.0,69.0,48.0,280.0,260.0,23.0,30.0,15396,199098,474.0,801,214494,15,0,5913,241.0,6154.0,3.92,SAFE
2020-04-30,USW00024233,11.63,0.0,0.0,0.0,55.0,58.0,47.0,220.0,220.0,21.9,28.0,15396,199098,474.0,801,214494,15,0,5913,241.0,6154.0,3.92,SAFE
2020-04-30,USW00024243,12.97,0.0,0.0,0.0,64.0,67.0,43.0,310.0,320.0,29.1,38.9,15396,199098,474.0,801,214494,15,0,5913,241.0,6154.0,3.92,SAFE
2020-04-30,USW00024157,17.67,0.0,0.0,0.0,61.0,64.0,42.0,220.0,240.0,28.0,35.1,15396,199098,474.0,801,214494,15,0,5913,241.0,6154.0,3.92,SAFE
2020-05-01,USW00024227,4.7,0.0,0.0,0.0,48.0,66.0,32.0,190.0,190.0,19.9,23.9,15704,205174,470.0,814,220878,13,0,6076,308.0,6384.0,4.82,SAFE
2020-05-01,USW00094240,6.26,0.17,0.0,0.0,49.0,60.0,39.0,190.0,140.0,17.0,25.9,15704,205174,470.0,814,220878,13,0,6076,308.0,6384.0,4.82,SAFE
2020-05-01,USW00094119,4.92,0.0,0.0,0.0,50.0,62.0,29.0,160.0,200.0,13.0,19.0,15704,205174,470.0,814,220878,13,0,6076,308.0,6384.0,4.82,SAFE
2020-05-01,USW00024141,6.04,0.0,0.0,0.0,53.0,68.0,32.0,230.0,160.0,15.0,19.0,15704,205174,470.0,814,220878,13,0,6076,308.0,6384.0,4.82,SAFE
2020-05-01,USW00024233,4.47,0.0,0.0,0.0,52.0,66.0,43.0,190.0,260.0,13.0,18.1,15704,205174,470.0,814,220878,13,0,6076,308.0,6384.0,4.82,SAFE
2020-05-01,USW00024243,5.37,0.0,0.0,0.0,51.0,71.0,28.0,200.0,210.0,21.0,30.0,15704,205174,470.0,814,220878,13,0,6076,308.0,6384.0,4.82,SAFE
2020-05-01,USW00024157,5.82,0.0,0.0,0.0,51.0,63.0,37.0,220.0,220.0,14.1,18.1,15704,205174,470.0,814,220878,13,0,6076,308.0,6384.0,4.82,SAFE
2020-05-02,USW00024227,5.37,0.53,0.0,0.0,53.0,56.0,43.0,210.0,270.0,17.0,25.1,15810,207620,428.0,824,223430,10,0,2446,106.0,2552.0,4.15,SAFE
2020-05-02,USW00094240,7.61,0.65,0.0,0.0,51.0,54.0,44.0,210.0,210.0,18.1,28.0,15810,207620,428.0,824,223430,10,0,2446,106.0,2552.0,4.15,SAFE
2020-05-02,USW00094119,9.17,0.17,0.0,0.0,51.0,73.0,32.0,210.0,230.0,23.9,30.0,15810,207620,428.0,824,223430,10,0,2446,106.0,2552.0,4.15,SAFE
2020-05-02,USW00024141,10.51,0.05,0.0,0.0,58.0,76.0,45.0,250.0,250.0,36.0,45.0,15810,207620,428.0,824,223430,10,0,2446,106.0,2552.0,4.15,SAFE
2020-05-02,USW00024233,9.4,0.24,0.0,0.0,57.0,58.0,47.0,180.0,170.0,21.9,28.0,15810,207620,428.0,824,223430,10,0,2446,106.0,2552.0,4.15,SAFE
2020-05-02,USW00024243,6.93,0.09,0.0,0.0,59.0,72.0,42.0,250.0,260.0,28.0,35.1,15810,207620,428.0,824,223430,10,0,2446,106.0,2552.0,4.15,SAFE
2020-05-02,USW00024157,10.96,0.1,0.0,0.0,54.0,74.0,42.0,240.0,220.0,31.1,38.0,15810,207620,428.0,824,223430,10,0,2446,106.0,2552.0,4.15,SAFE
2020-05-03,USW00024227,5.82,0.21,0.0,0.0,48.0,57.0,37.0,240.0,270.0,16.1,23.9,15888,208909,411.0,830,224797,6,0,1289,78.0,1367.0,5.71,SAFE
2020-05-03,USW00094240,5.82,0.99,0.0,0.0,46.0,58.0,39.0,250.0,200.0,21.0,27.1,15888,208909,411.0,830,224797,6,0,1289,78.0,1367.0,5.71,SAFE
2020-05-03,USW00094119,10.96,0.18,0.0,0.0,50.0,58.0,28.0,270.0,270.0,25.1,31.1,15888,208909,411.0,830,224797,6,0,1289,78.0,1367.0,5.71,SAFE
2020-05-03,USW00024141,10.51,0.0,0.0,0.0,52.0,64.0,36.0,240.0,240.0,23.9,30.0,15888,208909,411.0,830,224797,6,0,1289,78.0,1367.0,5.71,SAFE
2020-05-03,USW00024233,11.63,0.06,0.0,0.0,49.0,57.0,44.0,230.0,220.0,23.9,33.1,15888,208909,411.0,830,224797,6,0,1289,78.0,1367.0,5.71,SAFE
2020-05-03,USW00024243,6.93,0.0,0.0,0.0,49.0,64.0,33.0,310.0,300.0,18.1,21.9,15888,208909,411.0,830,224797,6,0,1289,78.0,1367.0,5.71,SAFE
2020-05-03,USW00024157,16.78,0.0,0.0,0.0,50.0,57.0,38.0,230.0,230.0,33.1,36.9,15888,208909,411.0,830,224797,6,0,1289,78.0,1367.0,5.71,SAFE
2020-05-04,USW00024227,3.36,0.06,0.0,0.0,47.0,63.0,34.0,260.0,300.0,12.1,15.0,16262,215091,263.0,834,231353,4,0,6182,374.0,6556.0,5.7,SAFE
2020-05-04,USW00094240,5.82,0.24,0.0,0.0,47.0,59.0,38.0,190.0,200.0,23.0,30.0,16262,215091,263.0,834,231353,4,0,6182,374.0,6556.0,5.7,SAFE
2020-05-04,USW00094119,4.47,0.0,0.0,0.0,42.0,62.0,26.0,210.0,250.0,14.1,19.0,16262,215091,263.0,834,231353,4,0,6182,374.0,6556.0,5.7,SAFE
2020-05-04,USW00024141,6.26,0.0,0.0,0.0,51.0,65.0,32.0,190.0,190.0,16.1,19.0,16262,215091,263.0,834,231353,4,0,6182,374.0,6556.0,5.7,SAFE
2020-05-04,USW00024233,4.47,0.0,0.0,0.0,51.0,65.0,39.0,220.0,200.0,14.1,17.0,16262,215091,263.0,834,231353,4,0,6182,374.0,6556.0,5.7,SAFE
2020-05-04,USW00024243,4.47,0.0,0.0,0.0,50.0,70.0,29.0,260.0,130.0,12.1,16.1,16262,215091,263.0,834,231353,4,0,6182,374.0,6556.0,5.7,SAFE
2020-05-04,USW00024157,5.59,0.0,0.0,0.0,47.0,61.0,34.0,200.0,230.0,15.0,21.0,16262,215091,263.0,834,231353,4,0,6182,374.0,6556.0,5.7,SAFE
2020-05-05,USW00024227,5.37,0.0,0.0,0.0,55.0,71.0,45.0,200.0,260.0,15.0,19.9,16510,221029,292.0,841,237539,7,0,5938,248.0,6186.0,4.01,SAFE
2020-05-05,USW00094240,5.59,0.18,0.0,0.0,49.0,65.0,39.0,260.0,250.0,19.9,23.9,16510,221029,292.0,841,237539,7,0,5938,248.0,6186.0,4.01,SAFE
2020-05-05,USW00094119,7.61,0.0,0.0,0.0,52.0,73.0,34.0,40.0,40.0,15.0,19.0,16510,221029,292.0,841,237539,7,0,5938,248.0,6186.0,4.01,SAFE
2020-05-05,USW00024141,6.71,0.0,0.0,0.0,61.0,78.0,47.0,150.0,140.0,14.1,19.0,16510,221029,292.0,841,237539,7,0,5938,248.0,6186.0,4.01,SAFE
2020-05-05,USW00024233,7.83,0.0,0.0,0.0,57.0,71.0,49.0,220.0,230.0,19.9,27.1,16510,221029,292.0,841,237539,7,0,5938,248.0,6186.0,4.01,SAFE
2020-05-05,USW00024243,5.14,0.04,0.0,0.0,62.0,78.0,50.0,270.0,250.0,13.0,17.0,16510,221029,292.0,841,237539,7,0,5938,248.0,6186.0,4.01,SAFE
2020-05-05,USW00024157,6.71,0.0,0.0,0.0,55.0,73.0,42.0,70.0,70.0,14.1,19.0,16510,221029,292.0,841,237539,7,0,5938,248.0,6186.0,4.01,SAFE
2020-05-06,USW00024227,8.05,0.13,0.0,0.0,55.0,60.0,42.0,300.0,230.0,21.0,28.0,16785,227691,390.0,862,244476,21,0,6662,275.0,6937.0,3.96,SAFE
2020-05-06,USW00094240,6.49,0.21,0.0,0.0,52.0,56.0,38.0,250.0,260.0,18.1,23.9,16785,227691,390.0,862,244476,21,0,6662,275.0,6937.0,3.96,SAFE
2020-05-06,USW00094119,9.17,0.46,0.0,0.0,53.0,58.0,43.0,250.0,260.0,28.0,35.1,16785,227691,390.0,862,244476,21,0,6662,275.0,6937.0,3.96,SAFE
2020-05-06,USW00024141,16.11,0.26,0.0,0.0,60.0,65.0,46.0,300.0,300.0,33.1,44.1,16785,227691,390.0,862,244476,21,0,6662,275.0,6937.0,3.96,SAFE
2020-05-06,USW00024233,12.08,0.11,0.0,0.0,57.0,62.0,48.0,220.0,200.0,21.9,30.0,16785,227691,390.0,862,244476,21,0,6662,275.0,6937.0,3.96,SAFE
2020-05-06,USW00024243,16.11,0.25,0.0,0.0,60.0,63.0,45.0,280.0,290.0,32.0,40.0,16785,227691,390.0,862,244476,21,0,6662,275.0,6937.0,3.96,SAFE
2020-05-06,USW00024157,13.42,0.22,0.0,0.0,55.0,58.0,42.0,260.0,250.0,38.0,46.1,16785,227691,390.0,862,244476,21,0,6662,275.0,6937.0,3.96,SAFE
2020-05-07,USW00024227,7.61,0.0,0.0,0.0,50.0,69.0,34.0,30.0,70.0,18.1,25.1,17028,233209,358.0,870,250237,8,0,5518,243.0,5761.0,4.22,SAFE
2020-05-07,USW00094240,6.04,0.0,0.0,0.0,50.0,68.0,33.0,40.0,50.0,21.0,25.9,17028,233209,358.0,870,250237,8,0,5518,243.0,5761.0,4.22,SAFE
2020-05-07,USW00094119,3.13,0.0,0.0,0.0,45.0,57.0,33.0,250.0,200.0,8.9,14.1,17028,233209,358.0,870,250237,8,0,5518,243.0,5761.0,4.22,SAFE
2020-05-07,USW00024141,6.71,0.0,0.0,0.0,55.0,70.0,44.0,300.0,300.0,16.1,19.9,17028,233209,358.0,870,250237,8,0,5518,243.0,5761.0,4.22,SAFE
2020-05-07,USW00024233,12.97,0.0,0.0,0.0,55.0,68.0,44.0,20.0,350.0,21.0,25.1,17028,233209,358.0,870,250237,8,0,5518,243.0,5761.0,4.22,SAFE
2020-05-07,USW00024243,5.14,0.0,0.0,0.0,52.0,69.0,32.0,290.0,290.0,14.1,18.1,17028,233209,358.0,870,250237,8,0,5518,243.0,5761.0,4.22,SAFE
2020-05-07,USW00024157,4.92,0.0,0.0,0.0,46.0,58.0,34.0,170.0,170.0,12.1,15.0,17028,233209,358.0,870,250237,8,0,5518,243.0,5761.0,4.22,SAFE
2020-05-08,USW00024227,5.82,0.0,0.0,0.0,60.0,80.0,39.0,30.0,30.0,17.0,21.9,17273,238978,393.0,891,256251,21,0,5769,245.0,6014.0,4.07,SAFE
2020-05-08,USW00094240,6.49,0.0,0.0,0.0,60.0,78.0,43.0,60.0,60.0,14.1,19.0,17273,238978,393.0,891,256251,21,0,5769,245.0,6014.0,4.07,SAFE
2020-05-08,USW00094119,6.49,0.0,0.0,0.0,48.0,68.0,30.0,40.0,40.0,17.0,21.9,17273,238978,393.0,891,256251,21,0,5769,245.0,6014.0,4.07,SAFE
2020-05-08,USW00024141,7.38,0.0,0.0,0.0,59.0,74.0,44.0,70.0,40.0,16.1,21.9,17273,238978,393.0,891,256251,21,0,5769,245.0,6014.0,4.07,SAFE
2020-05-08,USW00024233,14.32,0.0,0.0,0.0,62.0,80.0,50.0,70.0,10.0,18.1,25.9,17273,238978,393.0,891,256251,21,0,5769,245.0,6014.0,4.07,SAFE
2020-05-08,USW00024243,6.93,0.0,0.0,0.0,57.0,76.0,38.0,70.0,70.0,14.1,18.1,17273,238978,393.0,891,256251,21,0,5769,245.0,6014.0,4.07,SAFE
2020-05-08,USW00024157,6.93,0.0,0.0,0.0,51.0,68.0,39.0,50.0,40.0,17.0,21.9,17273,238978,393.0,891,256251,21,0,5769,245.0,6014.0,4.07,SAFE
2020-05-09,USW00024227,5.59,0.0,0.0,0.0,64.0,85.0,42.0,20.0,20.0,15.0,19.9,17394,241114,393.0,905,258508,14,0,2136,121.0,2257.0,5.36,SAFE
2020-05-09,USW00094240,5.82,0.0,0.0,0.0,65.0,83.0,46.0,30.0,30.0,14.1,17.0,17394,241114,393.0,905,258508,14,0,2136,121.0,2257.0,5.36,SAFE
2020-05-09,USW00094119,12.53,0.0,0.0,0.0,57.0,73.0,43.0,20.0,40.0,17.0,23.9,17394,241114,393.0,905,258508,14,0,2136,121.0,2257.0,5.36,SAFE
2020-05-09,USW00024141,10.51,0.0,0.0,0.0,65.0,81.0,50.0,40.0,60.0,17.0,21.9,17394,241114,393.0,905,258508,14,0,2136,121.0,2257.0,5.36,SAFE
2020-05-09,USW00024233,9.17,0.0,0.0,0.0,73.0,86.0,62.0,360.0,360.0,16.1,19.9,17394,241114,393.0,905,258508,14,0,2136,121.0,2257.0,5.36,SAFE
2020-05-09,USW00024243,8.05,0.0,0.0,0.0,64.0,81.0,44.0,50.0,40.0,15.0,19.9,17394,241114,393.0,905,258508,14,0,2136,121.0,2257.0,5.36,SAFE
2020-05-09,USW00024157,10.51,0.0,0.0,0.0,60.0,74.0,47.0,50.0,50.0,14.1,29.1,17394,241114,393.0,905,258508,14,0,2136,121.0,2257.0,5.36,SAFE
2020-05-10,USW00024227,4.47,0.0,0.0,0.0,68.0,87.0,48.0,10.0,360.0,13.0,19.0,17445,242339,335.0,921,259784,16,0,1225,51.0,1276.0,4.0,SAFE
2020-05-10,USW00094240,6.04,0.0,0.0,0.0,68.0,85.0,52.0,260.0,170.0,15.0,19.9,17445,242339,335.0,921,259784,16,0,1225,51.0,1276.0,4.0,SAFE
2020-05-10,USW00094119,16.78,0.0,0.0,0.0,62.0,72.0,51.0,50.0,60.0,29.1,36.0,17445,242339,335.0,921,259784,16,0,1225,51.0,1276.0,4.0,SAFE
2020-05-10,USW00024141,13.87,0.0,0.0,0.0,68.0,80.0,58.0,30.0,40.0,25.1,30.0,17445,242339,335.0,921,259784,16,0,1225,51.0,1276.0,4.0,SAFE
2020-05-10,USW00024233,9.84,0.0,0.0,0.0,76.0,87.0,62.0,120.0,70.0,17.0,21.9,17445,242339,335.0,921,259784,16,0,1225,51.0,1276.0,4.0,SAFE
2020-05-10,USW00024243,10.51,0.0,0.0,0.0,70.0,82.0,56.0,10.0,10.0,21.0,25.9,17445,242339,335.0,921,259784,16,0,1225,51.0,1276.0,4.0,SAFE
2020-05-10,USW00024157,14.32,0.0,0.0,0.0,63.0,73.0,50.0,50.0,50.0,28.0,34.0,17445,242339,335.0,921,259784,16,0,1225,51.0,1276.0,4.0,SAFE
