,DATE,AWND,TAVG,COVID_POS_PER,THREAT_LEVEL
385,2020-03-05,4.7,39.0,12.0,MODERATE
299,2020-05-11,9.4,45.0,10.0,MODERATE
382,2020-03-02,3.8,31.0,16.0,MODERATE
18,2020-03-03,14.09,49.0,11.21,MODERATE
181,2020-03-26,10.74,34.0,9.65,MODERATE
150,2020-03-22,5.82,47.0,9.68,MODERATE
23,2020-03-04,11.41,44.0,15.57,MODERATE
68,2020-05-08,8.95,53.0,12.0,MODERATE
677,2020-05-05,12.53,53.0,13.0,MODERATE
448,2020-05-07,7.61,51.0,14.0,MODERATE
291,2020-05-03,10.29,62.0,15.0,MODERATE
532,2020-05-14,4.25,49.0,9.0,MODERATE
182,2020-03-27,8.95,43.0,10.34,MODERATE
223,2020-05-12,17.67,46.0,10.0,MODERATE
297,2020-05-09,13.87,28.0,11.0,MODERATE
224,2020-05-13,12.3,40.0,10.0,MODERATE
464,2020-03-07,9.4,30.0,15.0,MODERATE
157,2020-03-04,16.11,46.0,10.0,MODERATE
538,2020-03-04,15.88,49.0,10.0,MODERATE
42,2020-03-07,3.8,39.0,9.38,MODERATE
33,2020-03-05,4.25,40.0,14.09,MODERATE
222,2020-05-11,7.61,48.0,10.0,MODERATE
151,2020-05-14,6.71,52.0,9.0,MODERATE
372,2020-05-08,12.08,40.0,12.0,MODERATE
462,2020-03-05,8.5,36.0,12.0,MODERATE
71,2020-05-11,12.75,56.0,10.0,MODERATE
298,2020-05-10,9.17,40.0,11.0,MODERATE
686,2020-05-14,9.62,53.0,9.0,MODERATE
452,2020-05-11,3.8,45.0,10.0,MODERATE
143,2020-05-06,8.5,45.0,13.0,MODERATE
28,2020-03-05,6.71,42.0,14.09,MODERATE
22,2020-03-04,3.58,42.0,15.57,MODERATE
526,2020-05-08,10.74,38.0,12.0,MODERATE
200,2020-03-29,11.41,49.0,13.04,MODERATE
7,2020-03-08,10.07,45.0,16.0,MODERATE
199,2020-03-29,11.41,51.0,13.04,MODERATE
9,2020-03-02,10.96,38.0,17.32,MODERATE
603,2020-05-08,8.72,51.0,12.0,MODERATE
529,2020-05-11,8.05,41.0,10.0,MODERATE
193,2020-03-28,11.63,49.0,10.88,MODERATE
24,2020-03-04,12.75,48.0,15.57,MODERATE
368,2020-05-04,12.3,49.0,14.0,MODERATE
608,2020-05-13,10.07,49.0,10.0,MODERATE
387,2020-03-07,9.62,30.0,15.0,MODERATE
208,2020-03-30,10.96,51.0,11.1,MODERATE
527,2020-05-09,13.87,34.0,11.0,MODERATE
607,2020-05-12,14.09,50.0,10.0,MODERATE
376,2020-05-12,14.09,42.0,10.0,MODERATE
55,2020-03-08,8.28,35.0,11.66,MODERATE
4,2020-03-05,12.97,46.0,12.0,MODERATE
153,2020-03-22,7.38,46.0,9.68,MODERATE
78,2020-03-02,14.09,44.0,16.0,MODERATE
67,2020-05-07,10.74,55.0,14.0,MODERATE
296,2020-05-08,9.17,38.0,12.0,MODERATE
16,2020-03-03,14.09,44.0,11.21,MODERATE
149,2020-05-12,10.51,40.0,10.0,MODERATE
62,2020-05-02,11.41,62.0,15.0,MODERATE
150,2020-05-13,4.25,37.0,10.0,MODERATE
47,2020-03-07,4.03,47.0,9.38,MODERATE
223,2020-04-01,5.82,34.0,9.57,MODERATE
46,2020-03-07,7.16,42.0,9.38,MODERATE
461,2020-03-04,15.66,39.0,10.0,MODERATE
378,2020-05-14,4.92,50.0,9.0,MODERATE
301,2020-05-14,7.38,58.0,10.0,MODERATE
524,2020-05-06,6.49,44.0,13.0,MODERATE
207,2020-03-30,13.65,47.0,11.1,MODERATE
307,2020-03-04,14.32,41.0,10.0,MODERATE
681,2020-05-09,22.15,42.0,11.0,MODERATE
198,2020-03-29,9.17,46.0,13.04,MODERATE
213,2020-03-31,7.83,42.0,10.1,MODERATE
366,2020-05-02,6.71,52.0,15.0,MODERATE
384,2020-03-04,9.17,42.0,10.0,MODERATE
371,2020-05-07,8.95,47.0,14.0,MODERATE
447,2020-05-06,3.36,45.0,13.0,MODERATE
609,2020-05-14,6.49,51.0,9.0,MODERATE
215,2020-03-31,9.17,44.0,10.1,MODERATE
151,2020-03-22,9.62,47.0,9.68,MODERATE
311,2020-03-08,5.37,37.0,16.0,MODERATE
619,2020-03-08,12.75,43.0,16.0,MODERATE
528,2020-05-10,7.61,41.0,11.0,MODERATE
190,2020-03-28,9.17,47.0,10.88,MODERATE
195,2020-03-28,13.2,42.0,10.88,MODERATE
600,2020-05-05,9.17,52.0,13.0,MODERATE
300,2020-05-12,10.96,38.0,10.0,MODERATE
43,2020-03-07,2.91,36.0,9.38,MODERATE
73,2020-05-13,10.29,52.0,10.0,MODERATE
604,2020-05-09,18.79,41.0,11.0,MODERATE
13,2020-03-02,17.22,37.0,17.32,MODERATE
180,2020-03-26,7.38,39.0,9.65,MODERATE
3,2020-03-04,18.34,51.0,10.0,MODERATE
388,2020-03-08,4.92,33.0,16.0,MODERATE
31,2020-03-05,5.14,39.0,14.09,MODERATE
72,2020-05-12,17.22,51.0,10.0,MODERATE
450,2020-05-09,12.3,35.0,11.0,MODERATE
186,2020-03-27,9.62,45.0,10.34,MODERATE
219,2020-05-05,9.62,48.0,13.0,MODERATE
369,2020-05-05,7.83,43.0,13.0,MODERATE
146,2020-05-09,14.54,34.0,11.0,MODERATE
7,2020-03-02,10.96,42.0,17.32,MODERATE
21,2020-03-04,5.82,46.0,15.57,MODERATE
221,2020-04-01,6.04,43.0,9.57,MODERATE
451,2020-05-10,8.5,43.0,11.0,MODERATE
222,2020-04-01,4.47,43.0,9.57,MODERATE
443,2020-05-02,5.14,54.0,15.0,MODERATE
674,2020-05-02,14.32,62.0,15.0,MODERATE
449,2020-05-08,9.17,45.0,12.0,MODERATE
152,2020-03-22,5.14,49.0,9.68,MODERATE
606,2020-05-11,10.51,52.0,10.0,MODERATE
683,2020-05-11,12.97,52.0,10.0,MODERATE
84,2020-03-08,15.21,40.0,16.0,MODERATE
201,2020-03-29,15.21,53.0,13.04,MODERATE
66,2020-05-06,10.07,52.0,13.0,MODERATE
192,2020-03-28,10.51,44.0,10.88,MODERATE
680,2020-05-08,10.51,53.0,12.0,MODERATE
185,2020-03-27,4.7,43.0,10.34,MODERATE
176,2020-03-26,2.91,40.0,9.65,MODERATE
48,2020-03-07,8.5,40.0,9.38,MODERATE
602,2020-05-07,12.3,51.0,14.0,MODERATE
615,2020-03-04,19.91,50.0,10.0,MODERATE
294,2020-05-06,5.82,39.0,13.0,MODERATE
221,2020-05-07,10.96,55.0,14.0,MODERATE
684,2020-05-12,17.67,51.0,10.0,MODERATE
17,2020-03-03,13.42,50.0,11.21,MODERATE
523,2020-05-05,6.93,41.0,13.0,MODERATE
63,2020-05-03,9.84,67.0,15.0,MODERATE
210,2020-03-31,7.38,41.0,10.1,MODERATE
175,2020-03-26,6.49,40.0,9.65,MODERATE
147,2020-05-10,10.51,45.0,11.0,MODERATE
196,2020-03-29,8.72,48.0,13.04,MODERATE
605,2020-05-10,15.66,47.0,11.0,MODERATE
212,2020-03-31,4.47,37.0,10.1,MODERATE
675,2020-05-03,10.74,62.0,15.0,MODERATE
14,2020-03-03,10.51,47.0,11.21,MODERATE
188,2020-03-27,11.18,39.0,10.34,MODERATE
305,2020-03-02,7.61,40.0,16.0,MODERATE
206,2020-03-30,13.42,49.0,11.1,MODERATE
161,2020-03-08,4.92,39.0,16.0,MODERATE
139,2020-05-02,9.4,50.0,15.0,MODERATE
465,2020-03-08,11.63,40.0,16.0,MODERATE
220,2020-04-01,8.05,41.0,9.57,MODERATE
209,2020-03-30,18.12,43.0,11.1,MODERATE
446,2020-05-05,9.4,46.0,13.0,MODERATE
49,2020-03-08,2.91,35.0,11.66,MODERATE
10,2020-03-02,7.83,43.0,17.32,MODERATE
80,2020-03-04,15.21,37.0,10.0,MODERATE
141,2020-05-04,11.63,49.0,14.0,MODERATE
217,2020-05-03,10.96,66.0,15.0,MODERATE
70,2020-05-10,15.66,50.0,11.0,MODERATE
148,2020-05-11,8.95,42.0,10.0,MODERATE
530,2020-05-12,10.51,39.0,10.0,MODERATE
521,2020-05-03,10.51,61.0,15.0,MODERATE
65,2020-05-05,10.51,54.0,13.0,MODERATE
211,2020-03-31,4.03,39.0,10.1,MODERATE
685,2020-05-13,10.51,51.0,10.0,MODERATE
29,2020-03-05,4.92,42.0,14.09,MODERATE
293,2020-05-05,8.5,40.0,13.0,MODERATE
682,2020-05-10,18.79,49.0,11.0,MODERATE
232,2020-03-05,6.93,34.0,12.0,MODERATE
217,2020-04-01,4.7,41.0,9.57,MODERATE
542,2020-03-08,8.05,39.0,16.0,MODERATE
74,2020-05-14,8.95,57.0,9.0,MODERATE
183,2020-03-27,5.37,44.0,10.34,MODERATE
599,2020-05-04,12.08,62.0,14.0,MODERATE
64,2020-05-04,15.21,67.0,14.0,MODERATE
225,2020-05-14,5.59,53.0,9.0,MODERATE
541,2020-03-07,17.0,38.0,15.0,MODERATE
51,2020-03-08,4.7,35.0,11.66,MODERATE
50,2020-03-08,3.58,35.0,11.66,MODERATE
455,2020-05-14,5.82,49.0,9.0,MODERATE
375,2020-05-11,9.4,44.0,10.0,MODERATE
679,2020-05-07,12.75,53.0,14.0,MODERATE
459,2020-03-02,14.32,44.0,16.0,MODERATE
234,2020-03-07,11.86,28.0,15.0,MODERATE
218,2020-05-04,13.2,58.0,14.0,MODERATE
613,2020-03-02,16.11,42.0,16.0,MODERATE
295,2020-05-07,8.95,44.0,14.0,MODERATE
216,2020-03-31,9.4,38.0,10.1,MODERATE
531,2020-05-13,4.47,34.0,10.0,MODERATE
26,2020-03-04,8.5,50.0,15.57,MODERATE
177,2020-03-26,5.59,34.0,9.65,MODERATE
25,2020-03-04,7.61,46.0,15.57,MODERATE
231,2020-03-04,12.08,38.0,10.0,MODERATE
81,2020-03-05,7.16,36.0,12.0,MODERATE
44,2020-03-07,5.82,40.0,9.38,MODERATE
525,2020-05-07,11.41,45.0,14.0,MODERATE
616,2020-03-05,12.97,46.0,12.0,MODERATE
520,2020-05-02,7.38,53.0,15.0,MODERATE
144,2020-05-07,11.41,46.0,14.0,MODERATE
27,2020-03-04,18.34,44.0,15.57,MODERATE
178,2020-03-26,7.83,38.0,9.65,MODERATE
374,2020-05-10,9.17,42.0,11.0,MODERATE
453,2020-05-12,8.5,43.0,10.0,MODERATE
147,2020-03-22,6.71,43.0,9.68,MODERATE
292,2020-05-04,10.74,48.0,14.0,MODERATE
69,2020-05-09,21.47,42.0,11.0,MODERATE
83,2020-03-07,9.62,30.0,15.0,MODERATE
34,2020-03-05,6.49,39.0,14.09,MODERATE
302,2020-05-15,10.51,61.0,9.0,MODERATE
187,2020-03-27,4.92,48.0,10.34,MODERATE
536,2020-03-02,12.3,39.0,16.0,MODERATE
229,2020-03-02,10.51,40.0,16.0,MODERATE
454,2020-05-13,7.61,35.0,10.0,MODERATE
218,2020-04-01,5.14,40.0,9.57,MODERATE
8,2020-03-02,6.26,42.0,17.32,MODERATE
618,2020-03-07,19.91,40.0,15.0,MODERATE
158,2020-03-05,8.95,41.0,12.0,MODERATE
11,2020-03-02,14.32,44.0,17.32,MODERATE
149,2020-03-22,4.92,41.0,9.68,MODERATE
145,2020-05-08,9.4,40.0,12.0,MODERATE
235,2020-03-08,9.17,34.0,16.0,MODERATE
522,2020-05-04,11.41,49.0,14.0,MODERATE
444,2020-05-03,7.16,63.0,15.0,MODERATE
373,2020-05-09,15.66,35.0,11.0,MODERATE
54,2020-03-08,4.03,36.0,11.66,MODERATE
15,2020-03-03,6.04,45.0,11.21,MODERATE
370,2020-05-06,5.14,44.0,13.0,MODERATE
197,2020-03-29,9.17,46.0,13.04,MODERATE
219,2020-04-01,3.8,33.0,9.57,MODERATE
52,2020-03-08,3.58,37.0,11.66,MODERATE
445,2020-05-04,8.05,52.0,14.0,MODERATE
53,2020-03-08,5.82,40.0,11.66,MODERATE
142,2020-05-05,5.14,42.0,13.0,MODERATE
179,2020-03-26,11.63,43.0,9.65,MODERATE
220,2020-05-06,2.01,49.0,13.0,MODERATE
597,2020-05-02,12.3,60.0,15.0,MODERATE
216,2020-05-02,9.4,57.0,15.0,MODERATE
204,2020-03-30,8.95,44.0,11.1,MODERATE
598,2020-05-03,9.84,60.0,15.0,MODERATE
160,2020-03-07,10.51,35.0,15.0,MODERATE
205,2020-03-30,14.76,42.0,11.1,MODERATE
20,2020-03-03,19.69,43.0,11.21,MODERATE
678,2020-05-06,8.72,49.0,13.0,MODERATE
308,2020-03-05,8.28,37.0,12.0,MODERATE
191,2020-03-28,7.61,41.0,10.88,MODERATE
19,2020-03-03,4.92,48.0,11.21,MODERATE
184,2020-03-27,7.38,35.0,10.34,MODERATE
155,2020-03-02,10.51,39.0,16.0,MODERATE
140,2020-05-03,10.74,58.0,15.0,MODERATE
203,2020-03-30,10.51,46.0,11.1,MODERATE
214,2020-03-31,10.51,43.0,10.1,MODERATE
290,2020-05-02,7.61,51.0,15.0,MODERATE
310,2020-03-07,8.72,30.0,15.0,MODERATE
189,2020-03-28,12.75,48.0,10.88,MODERATE
676,2020-05-04,15.66,63.0,14.0,MODERATE
1,2020-03-02,10.29,45.0,16.0,MODERATE
539,2020-03-05,9.17,45.0,12.0,MODERATE
601,2020-05-06,8.5,48.0,13.0,MODERATE
148,2020-03-22,4.25,41.0,9.68,MODERATE
367,2020-05-03,9.4,61.0,15.0,MODERATE
202,2020-03-29,14.09,46.0,13.04,MODERATE
194,2020-03-28,10.29,48.0,10.88,MODERATE
12,2020-03-02,8.05,45.0,17.32,MODERATE
45,2020-03-07,6.04,44.0,9.38,MODERATE
32,2020-03-05,8.95,46.0,14.09,MODERATE
377,2020-05-13,7.16,34.0,10.0,MODERATE
30,2020-03-05,4.7,36.0,14.09,MODERATE
6,2020-03-07,14.54,41.0,15.0,MODERATE
92,2020-03-16,6.71,35.0,47.0,RISKY
632,2020-03-21,15.21,54.0,63.0,RISKY
251,2020-03-24,6.93,32.0,68.0,RISKY
23,2020-03-24,10.29,43.0,68.0,RISKY
40,2020-04-10,21.92,45.0,48.0,RISKY
582,2020-04-17,9.84,41.0,34.0,RISKY
662,2020-04-20,10.29,52.0,30.0,RISKY
87,2020-03-11,6.71,36.0,28.0,RISKY
664,2020-04-22,18.79,44.0,27.0,RISKY
132,2020-04-25,9.62,46.0,23.0,RISKY
389,2020-03-09,5.59,47.0,20.0,RISKY
628,2020-03-17,9.4,44.0,48.0,RISKY
178,2020-03-25,2.24,38.0,67.0,RISKY
106,2020-03-30,15.88,44.0,63.0,RISKY
185,2020-04-01,7.83,43.0,58.0,RISKY
429,2020-04-18,6.04,39.0,32.0,RISKY
254,2020-03-27,8.72,45.0,70.0,RISKY
61,2020-05-01,9.17,58.0,18.0,RISKY
636,2020-03-25,14.09,44.0,67.0,RISKY
114,2020-04-07,5.14,50.0,53.0,RISKY
276,2020-04-18,9.17,33.0,32.0,RISKY
663,2020-04-21,18.34,49.0,28.0,RISKY
617,2020-03-06,10.96,41.0,19.0,RISKY
163,2020-03-10,13.42,59.0,23.0,RISKY
247,2020-03-20,13.2,53.0,58.0,RISKY
45,2020-04-15,12.53,49.0,34.0,RISKY
661,2020-04-19,15.21,47.0,31.0,RISKY
326,2020-03-23,9.84,33.0,63.0,RISKY
657,2020-04-15,13.87,48.0,34.0,RISKY
550,2020-03-16,12.08,38.0,47.0,RISKY
324,2020-03-21,11.18,33.0,63.0,RISKY
318,2020-03-15,8.95,34.0,44.0,RISKY
358,2020-04-24,6.04,45.0,23.0,RISKY
188,2020-04-04,4.7,53.0,56.0,RISKY
507,2020-04-19,13.87,44.0,31.0,RISKY
277,2020-04-19,12.97,42.0,31.0,RISKY
364,2020-04-30,15.21,59.0,19.0,RISKY
500,2020-04-12,8.05,46.0,42.0,RISKY
167,2020-03-14,16.33,42.0,43.0,RISKY
206,2020-04-22,20.13,37.0,27.0,RISKY
265,2020-04-07,5.59,49.0,53.0,RISKY
46,2020-04-16,18.57,47.0,33.0,RISKY
1,2020-03-01,2.91,37.0,21.62,RISKY
31,2020-04-01,12.53,45.0,58.0,RISKY
103,2020-03-27,6.71,45.0,70.0,RISKY
198,2020-04-14,10.51,49.0,35.0,RISKY
193,2020-04-09,15.21,47.0,51.0,RISKY
502,2020-04-14,12.97,41.0,35.0,RISKY
48,2020-04-18,10.51,44.0,32.0,RISKY
33,2020-04-03,18.57,50.0,57.0,RISKY
240,2020-03-13,15.43,47.0,44.0,RISKY
110,2020-04-03,8.05,42.0,57.0,RISKY
665,2020-04-23,6.49,44.0,26.0,RISKY
411,2020-03-31,4.92,40.0,60.0,RISKY
57,2020-04-27,14.32,45.0,21.0,RISKY
415,2020-04-04,3.8,50.0,56.0,RISKY
434,2020-04-23,5.82,37.0,26.0,RISKY
245,2020-03-18,5.14,38.0,51.0,RISKY
625,2020-03-14,16.11,51.0,43.0,RISKY
113,2020-04-06,6.26,42.0,53.0,RISKY
670,2020-04-28,10.29,49.0,19.0,RISKY
655,2020-04-13,23.26,54.0,38.0,RISKY
339,2020-04-05,5.82,50.0,55.0,RISKY
361,2020-04-27,6.71,43.0,21.0,RISKY
289,2020-05-01,8.5,52.0,18.0,RISKY
417,2020-04-06,5.82,47.0,53.0,RISKY
171,2020-03-18,6.04,43.0,51.0,RISKY
410,2020-03-30,3.58,41.0,63.0,RISKY
136,2020-04-29,14.54,57.0,19.0,RISKY
585,2020-04-20,8.72,50.0,30.0,RISKY
669,2020-04-27,16.78,44.0,21.0,RISKY
272,2020-04-14,9.62,40.0,35.0,RISKY
28,2020-03-29,18.34,45.0,67.0,RISKY
519,2020-05-01,10.07,49.0,18.0,RISKY
338,2020-04-04,4.92,47.0,56.0,RISKY
97,2020-03-21,7.83,30.0,63.0,RISKY
127,2020-04-20,5.82,39.0,30.0,RISKY
128,2020-04-21,19.69,40.0,28.0,RISKY
622,2020-03-11,8.5,51.0,28.0,RISKY
544,2020-03-10,11.41,50.0,23.0,RISKY
203,2020-04-19,10.51,47.0,31.0,RISKY
498,2020-04-10,17.9,37.0,48.0,RISKY
343,2020-04-09,14.99,46.0,51.0,RISKY
645,2020-04-03,21.03,49.0,57.0,RISKY
312,2020-03-09,9.4,56.0,20.0,RISKY
315,2020-03-12,6.71,40.0,38.0,RISKY
423,2020-04-12,5.14,41.0,42.0,RISKY
287,2020-04-29,17.22,49.0,19.0,RISKY
427,2020-04-16,9.4,36.0,33.0,RISKY
637,2020-03-26,12.75,44.0,71.0,RISKY
43,2020-04-13,19.01,57.0,38.0,RISKY
506,2020-04-18,10.07,38.0,32.0,RISKY
42,2020-04-12,10.51,53.0,42.0,RISKY
356,2020-04-22,17.22,34.0,27.0,RISKY
352,2020-04-18,8.95,38.0,32.0,RISKY
667,2020-04-25,6.71,50.0,23.0,RISKY
260,2020-04-02,14.32,36.0,59.0,RISKY
333,2020-03-30,6.49,49.0,63.0,RISKY
396,2020-03-16,5.82,28.0,47.0,RISKY
501,2020-04-13,17.67,58.0,38.0,RISKY
590,2020-04-25,6.04,49.0,23.0,RISKY
399,2020-03-19,4.47,40.0,55.0,RISKY
551,2020-03-17,7.16,44.0,48.0,RISKY
654,2020-04-12,12.75,49.0,42.0,RISKY
488,2020-03-31,8.5,41.0,60.0,RISKY
337,2020-04-03,10.74,43.0,57.0,RISKY
425,2020-04-14,7.38,46.0,35.0,RISKY
212,2020-04-28,6.49,48.0,19.0,RISKY
115,2020-04-08,9.62,47.0,55.0,RISKY
164,2020-03-11,10.07,44.0,28.0,RISKY
112,2020-04-05,7.83,47.0,55.0,RISKY
36,2020-04-06,8.95,55.0,53.0,RISKY
213,2020-04-29,8.5,53.0,19.0,RISKY
105,2020-03-29,15.66,55.0,67.0,RISKY
406,2020-03-26,4.7,36.0,71.0,RISKY
365,2020-05-01,6.71,53.0,18.0,RISKY
634,2020-03-23,18.79,39.0,63.0,RISKY
441,2020-04-30,8.05,50.0,19.0,RISKY
476,2020-03-19,5.82,44.0,55.0,RISKY
565,2020-03-31,7.83,43.0,60.0,RISKY
351,2020-04-17,9.62,36.0,34.0,RISKY
362,2020-04-28,3.8,44.0,19.0,RISKY
518,2020-04-30,9.4,57.0,19.0,RISKY
93,2020-03-17,13.42,41.0,48.0,RISKY
540,2020-03-06,9.84,39.0,19.0,RISKY
237,2020-03-10,11.18,53.0,23.0,RISKY
549,2020-03-15,9.84,45.0,44.0,RISKY
400,2020-03-20,7.83,48.0,58.0,RISKY
570,2020-04-05,6.71,47.0,55.0,RISKY
442,2020-05-01,4.47,56.0,18.0,RISKY
98,2020-03-22,10.74,29.0,62.0,RISKY
514,2020-04-26,10.96,45.0,23.0,RISKY
328,2020-03-25,8.28,37.0,67.0,RISKY
643,2020-04-01,14.09,44.0,58.0,RISKY
360,2020-04-26,6.71,49.0,23.0,RISKY
558,2020-03-24,12.08,42.0,68.0,RISKY
499,2020-04-11,10.74,38.0,46.0,RISKY
652,2020-04-10,23.71,45.0,48.0,RISKY
18,2020-03-19,9.62,46.0,55.0,RISKY
168,2020-03-15,9.62,39.0,44.0,RISKY
397,2020-03-17,7.61,36.0,48.0,RISKY
511,2020-04-23,6.71,35.0,26.0,RISKY
182,2020-03-29,6.49,46.0,67.0,RISKY
124,2020-04-17,7.16,35.0,34.0,RISKY
332,2020-03-29,12.53,48.0,67.0,RISKY
138,2020-05-01,10.96,47.0,18.0,RISKY
123,2020-04-16,11.18,31.0,33.0,RISKY
557,2020-03-23,16.11,38.0,63.0,RISKY
271,2020-04-13,15.21,56.0,38.0,RISKY
214,2020-04-30,11.86,52.0,19.0,RISKY
344,2020-04-10,19.24,37.0,48.0,RISKY
407,2020-03-27,8.72,49.0,70.0,RISKY
466,2020-03-09,13.42,55.0,20.0,RISKY
412,2020-04-01,7.83,37.0,58.0,RISKY
173,2020-03-20,15.43,52.0,58.0,RISKY
543,2020-03-09,10.07,49.0,20.0,RISKY
174,2020-03-21,10.51,43.0,63.0,RISKY
285,2020-04-27,10.96,36.0,21.0,RISKY
131,2020-04-24,9.62,42.0,23.0,RISKY
22,2020-03-23,14.54,39.0,63.0,RISKY
440,2020-04-29,7.38,48.0,19.0,RISKY
270,2020-04-12,8.95,43.0,42.0,RISKY
116,2020-04-09,12.97,42.0,51.0,RISKY
273,2020-04-15,7.83,35.0,34.0,RISKY
624,2020-03-13,18.12,53.0,44.0,RISKY
246,2020-03-19,8.5,42.0,55.0,RISKY
552,2020-03-18,6.26,44.0,51.0,RISKY
89,2020-03-13,19.69,47.0,44.0,RISKY
192,2020-04-08,6.71,52.0,55.0,RISKY
639,2020-03-28,11.41,49.0,69.0,RISKY
256,2020-03-29,10.51,43.0,67.0,RISKY
436,2020-04-25,2.68,49.0,23.0,RISKY
51,2020-04-21,15.43,52.0,28.0,RISKY
640,2020-03-29,11.41,48.0,67.0,RISKY
118,2020-04-11,12.08,37.0,46.0,RISKY
503,2020-04-15,9.84,35.0,34.0,RISKY
650,2020-04-08,9.62,55.0,55.0,RISKY
275,2020-04-17,7.61,30.0,34.0,RISKY
26,2020-03-27,6.26,56.0,70.0,RISKY
14,2020-03-15,9.4,47.0,44.0,RISKY
82,2020-03-06,8.05,34.0,19.0,RISKY
342,2020-04-08,4.92,48.0,55.0,RISKY
162,2020-03-09,8.95,55.0,20.0,RISKY
95,2020-03-19,6.26,44.0,55.0,RISKY
208,2020-04-24,2.91,46.0,23.0,RISKY
284,2020-04-26,10.51,44.0,23.0,RISKY
592,2020-04-27,13.2,44.0,21.0,RISKY
353,2020-04-19,12.3,46.0,31.0,RISKY
9,2020-03-10,13.2,61.0,23.0,RISKY
30,2020-03-31,9.17,45.0,60.0,RISKY
2,2020-03-01,6.93,31.0,21.62,RISKY
556,2020-03-22,13.2,38.0,62.0,RISKY
421,2020-04-10,11.41,41.0,48.0,RISKY
334,2020-03-31,6.49,44.0,60.0,RISKY
197,2020-04-13,16.78,60.0,38.0,RISKY
392,2020-03-12,5.14,36.0,38.0,RISKY
37,2020-04-07,8.95,58.0,53.0,RISKY
510,2020-04-22,15.21,34.0,27.0,RISKY
122,2020-04-15,10.96,35.0,34.0,RISKY
438,2020-04-27,10.29,40.0,21.0,RISKY
38,2020-04-08,6.93,55.0,55.0,RISKY
517,2020-04-29,13.87,54.0,19.0,RISKY
261,2020-04-03,12.75,39.0,57.0,RISKY
402,2020-03-22,7.61,27.0,62.0,RISKY
52,2020-04-22,18.12,44.0,27.0,RISKY
179,2020-03-26,6.26,43.0,71.0,RISKY
102,2020-03-26,12.53,49.0,71.0,RISKY
574,2020-04-09,11.41,49.0,51.0,RISKY
563,2020-03-29,11.63,48.0,67.0,RISKY
184,2020-03-31,3.8,43.0,60.0,RISKY
467,2020-03-10,14.32,53.0,23.0,RISKY
566,2020-04-01,10.74,42.0,58.0,RISKY
359,2020-04-25,4.25,50.0,23.0,RISKY
583,2020-04-18,9.62,42.0,32.0,RISKY
29,2020-03-30,7.61,46.0,63.0,RISKY
39,2020-04-09,14.76,52.0,51.0,RISKY
504,2020-04-16,11.18,31.0,33.0,RISKY
658,2020-04-16,19.69,46.0,33.0,RISKY
635,2020-03-24,11.63,43.0,68.0,RISKY
409,2020-03-29,2.68,43.0,67.0,RISKY
394,2020-03-14,8.28,41.0,43.0,RISKY
346,2020-04-12,8.72,45.0,42.0,RISKY
575,2020-04-10,19.24,44.0,48.0,RISKY
386,2020-03-06,6.93,34.0,19.0,RISKY
286,2020-04-28,3.8,41.0,19.0,RISKY
283,2020-04-25,3.8,47.0,23.0,RISKY
60,2020-04-30,18.79,55.0,19.0,RISKY
673,2020-05-01,8.72,55.0,18.0,RISKY
435,2020-04-24,3.8,46.0,23.0,RISKY
463,2020-03-06,13.2,34.0,19.0,RISKY
564,2020-03-30,8.72,45.0,63.0,RISKY
395,2020-03-15,9.62,34.0,44.0,RISKY
211,2020-04-27,10.51,42.0,21.0,RISKY
469,2020-03-12,5.37,39.0,38.0,RISKY
262,2020-04-04,4.92,44.0,56.0,RISKY
3,2020-03-01,10.07,41.0,21.62,RISKY
496,2020-04-08,6.04,46.0,55.0,RISKY
99,2020-03-23,7.61,38.0,63.0,RISKY
487,2020-03-30,14.32,48.0,63.0,RISKY
4,2020-03-01,5.82,40.0,21.62,RISKY
263,2020-04-05,6.26,50.0,55.0,RISKY
483,2020-03-26,11.41,49.0,71.0,RISKY
578,2020-04-13,18.34,55.0,38.0,RISKY
6,2020-03-01,10.29,34.0,21.62,RISKY
644,2020-04-02,23.26,49.0,59.0,RISKY
313,2020-03-10,14.32,56.0,23.0,RISKY
623,2020-03-12,10.07,44.0,38.0,RISKY
190,2020-04-06,8.95,51.0,53.0,RISKY
568,2020-04-03,18.12,47.0,57.0,RISKY
659,2020-04-17,11.18,42.0,34.0,RISKY
546,2020-03-12,8.05,42.0,38.0,RISKY
41,2020-04-11,13.65,46.0,46.0,RISKY
204,2020-04-20,7.61,48.0,30.0,RISKY
595,2020-04-30,21.92,51.0,19.0,RISKY
576,2020-04-11,12.08,46.0,46.0,RISKY
111,2020-04-04,3.8,46.0,56.0,RISKY
243,2020-03-16,9.17,29.0,47.0,RISKY
584,2020-04-19,13.42,44.0,31.0,RISKY
186,2020-04-02,11.18,45.0,59.0,RISKY
586,2020-04-21,14.09,47.0,28.0,RISKY
331,2020-03-28,8.05,39.0,69.0,RISKY
648,2020-04-06,8.72,53.0,53.0,RISKY
101,2020-03-25,6.93,43.0,67.0,RISKY
629,2020-03-18,10.07,47.0,51.0,RISKY
34,2020-04-04,8.95,52.0,56.0,RISKY
314,2020-03-11,5.82,35.0,28.0,RISKY
573,2020-04-08,7.38,52.0,55.0,RISKY
509,2020-04-21,18.57,40.0,28.0,RISKY
416,2020-04-05,3.58,51.0,55.0,RISKY
134,2020-04-27,8.5,46.0,21.0,RISKY
489,2020-04-01,9.4,40.0,58.0,RISKY
555,2020-03-21,12.08,51.0,63.0,RISKY
258,2020-03-31,3.36,40.0,60.0,RISKY
433,2020-04-22,12.08,35.0,27.0,RISKY
58,2020-04-28,8.95,51.0,19.0,RISKY
130,2020-04-23,11.63,35.0,26.0,RISKY
288,2020-04-30,18.12,51.0,19.0,RISKY
266,2020-04-08,7.83,48.0,55.0,RISKY
88,2020-03-12,5.14,42.0,38.0,RISKY
104,2020-03-28,8.5,46.0,69.0,RISKY
470,2020-03-13,19.01,48.0,44.0,RISKY
10,2020-03-11,8.5,53.0,28.0,RISKY
480,2020-03-23,8.28,35.0,63.0,RISKY
279,2020-04-21,12.3,39.0,28.0,RISKY
8,2020-03-09,11.18,58.0,20.0,RISKY
85,2020-03-09,16.11,53.0,20.0,RISKY
35,2020-04-05,6.26,52.0,55.0,RISKY
322,2020-03-19,9.17,45.0,55.0,RISKY
244,2020-03-17,9.84,37.0,48.0,RISKY
280,2020-04-22,13.87,29.0,27.0,RISKY
194,2020-04-10,18.57,42.0,48.0,RISKY
321,2020-03-18,4.47,38.0,51.0,RISKY
323,2020-03-20,18.34,57.0,58.0,RISKY
236,2020-03-09,8.95,52.0,20.0,RISKY
210,2020-04-26,9.17,52.0,23.0,RISKY
96,2020-03-20,19.24,57.0,58.0,RISKY
340,2020-04-06,8.95,45.0,53.0,RISKY
492,2020-04-04,2.68,45.0,56.0,RISKY
269,2020-04-11,9.84,35.0,46.0,RISKY
16,2020-03-17,8.72,45.0,48.0,RISKY
181,2020-03-28,2.91,42.0,69.0,RISKY
569,2020-04-04,11.63,49.0,56.0,RISKY
189,2020-04-05,6.49,55.0,55.0,RISKY
259,2020-04-01,8.95,39.0,58.0,RISKY
481,2020-03-24,5.14,37.0,68.0,RISKY
562,2020-03-28,9.84,47.0,69.0,RISKY
126,2020-04-19,14.76,44.0,31.0,RISKY
428,2020-04-17,7.83,37.0,34.0,RISKY
133,2020-04-26,13.65,46.0,23.0,RISKY
580,2020-04-15,11.18,47.0,34.0,RISKY
424,2020-04-13,9.84,52.0,38.0,RISKY
267,2020-04-09,11.63,43.0,51.0,RISKY
398,2020-03-18,3.13,38.0,51.0,RISKY
430,2020-04-19,9.17,43.0,31.0,RISKY
325,2020-03-22,7.61,28.0,62.0,RISKY
159,2020-03-06,6.71,37.0,19.0,RISKY
553,2020-03-19,8.5,45.0,55.0,RISKY
335,2020-04-01,8.95,44.0,58.0,RISKY
472,2020-03-15,8.28,33.0,44.0,RISKY
27,2020-03-28,11.18,49.0,69.0,RISKY
516,2020-04-28,6.93,45.0,19.0,RISKY
49,2020-04-19,12.3,50.0,31.0,RISKY
319,2020-03-16,8.05,32.0,47.0,RISKY
660,2020-04-18,10.96,44.0,32.0,RISKY
668,2020-04-26,12.75,49.0,23.0,RISKY
651,2020-04-09,14.99,50.0,51.0,RISKY
594,2020-04-29,12.3,47.0,19.0,RISKY
205,2020-04-21,12.3,42.0,28.0,RISKY
274,2020-04-16,9.62,30.0,33.0,RISKY
120,2020-04-13,19.69,56.0,38.0,RISKY
129,2020-04-22,14.54,33.0,27.0,RISKY
479,2020-03-22,8.5,26.0,62.0,RISKY
320,2020-03-17,12.3,43.0,48.0,RISKY
508,2020-04-20,6.93,38.0,30.0,RISKY
672,2020-04-30,23.71,52.0,19.0,RISKY
201,2020-04-17,7.61,39.0,34.0,RISKY
468,2020-03-11,6.26,33.0,28.0,RISKY
401,2020-03-21,12.97,37.0,63.0,RISKY
484,2020-03-27,5.82,43.0,70.0,RISKY
252,2020-03-25,6.71,34.0,67.0,RISKY
202,2020-04-18,8.05,39.0,32.0,RISKY
357,2020-04-23,4.03,36.0,26.0,RISKY
554,2020-03-20,8.5,50.0,58.0,RISKY
5,2020-03-01,5.14,37.0,21.62,RISKY
336,2020-04-02,10.96,40.0,59.0,RISKY
494,2020-04-06,6.04,42.0,53.0,RISKY
471,2020-03-14,10.29,36.0,43.0,RISKY
482,2020-03-25,8.28,40.0,67.0,RISKY
497,2020-04-09,13.42,44.0,51.0,RISKY
195,2020-04-11,14.32,42.0,46.0,RISKY
547,2020-03-13,15.88,53.0,44.0,RISKY
621,2020-03-10,11.18,52.0,23.0,RISKY
94,2020-03-18,8.5,39.0,51.0,RISKY
345,2020-04-11,11.41,39.0,46.0,RISKY
15,2020-03-16,13.87,40.0,47.0,RISKY
200,2020-04-16,13.42,39.0,33.0,RISKY
329,2020-03-26,7.38,45.0,71.0,RISKY
196,2020-04-12,10.74,45.0,42.0,RISKY
119,2020-04-12,8.5,47.0,42.0,RISKY
19,2020-03-20,10.96,55.0,58.0,RISKY
25,2020-03-26,8.5,46.0,71.0,RISKY
135,2020-04-28,7.38,49.0,19.0,RISKY
90,2020-03-14,8.5,35.0,43.0,RISKY
641,2020-03-30,6.49,45.0,63.0,RISKY
419,2020-04-08,4.92,50.0,55.0,RISKY
513,2020-04-25,6.71,45.0,23.0,RISKY
316,2020-03-13,17.0,49.0,44.0,RISKY
209,2020-04-25,2.24,52.0,23.0,RISKY
627,2020-03-16,13.2,39.0,47.0,RISKY
431,2020-04-20,6.93,43.0,30.0,RISKY
633,2020-03-22,14.09,40.0,62.0,RISKY
596,2020-05-01,7.16,57.0,18.0,RISKY
588,2020-04-23,4.92,42.0,26.0,RISKY
108,2020-04-01,9.4,42.0,58.0,RISKY
495,2020-04-07,5.37,49.0,53.0,RISKY
248,2020-03-21,12.3,33.0,63.0,RISKY
567,2020-04-02,21.7,47.0,59.0,RISKY
348,2020-04-14,12.3,44.0,35.0,RISKY
255,2020-03-28,9.84,38.0,69.0,RISKY
515,2020-04-27,10.29,44.0,21.0,RISKY
47,2020-04-17,10.96,44.0,34.0,RISKY
239,2020-03-12,8.5,41.0,38.0,RISKY
478,2020-03-21,8.28,30.0,63.0,RISKY
327,2020-03-24,3.8,34.0,68.0,RISKY
249,2020-03-22,7.38,26.0,62.0,RISKY
638,2020-03-27,8.72,53.0,70.0,RISKY
169,2020-03-16,8.05,32.0,47.0,RISKY
55,2020-04-25,5.82,52.0,23.0,RISKY
490,2020-04-02,10.51,41.0,59.0,RISKY
100,2020-03-24,5.82,39.0,68.0,RISKY
439,2020-04-28,7.16,46.0,19.0,RISKY
281,2020-04-23,5.82,32.0,26.0,RISKY
54,2020-04-24,12.08,47.0,23.0,RISKY
253,2020-03-26,7.61,41.0,71.0,RISKY
642,2020-03-31,8.05,43.0,60.0,RISKY
56,2020-04-26,15.88,49.0,23.0,RISKY
581,2020-04-16,15.21,45.0,33.0,RISKY
264,2020-04-06,8.5,43.0,53.0,RISKY
545,2020-03-11,6.93,50.0,28.0,RISKY
477,2020-03-20,18.12,57.0,58.0,RISKY
355,2020-04-21,18.79,40.0,28.0,RISKY
233,2020-03-06,8.95,34.0,19.0,RISKY
11,2020-03-12,9.17,46.0,38.0,RISKY
215,2020-05-01,7.16,58.0,18.0,RISKY
408,2020-03-28,2.01,38.0,69.0,RISKY
493,2020-04-05,6.49,45.0,55.0,RISKY
0,2020-03-01,4.25,36.0,21.62,RISKY
241,2020-03-14,9.84,35.0,43.0,RISKY
656,2020-04-14,14.54,54.0,35.0,RISKY
125,2020-04-18,11.63,37.0,32.0,RISKY
347,2020-04-13,20.8,61.0,38.0,RISKY
282,2020-04-24,6.26,42.0,23.0,RISKY
5,2020-03-06,12.53,42.0,19.0,RISKY
413,2020-04-02,7.16,41.0,59.0,RISKY
250,2020-03-23,8.05,31.0,63.0,RISKY
330,2020-03-27,6.93,45.0,70.0,RISKY
12,2020-03-13,16.11,53.0,44.0,RISKY
117,2020-04-10,17.0,37.0,48.0,RISKY
437,2020-04-26,7.83,46.0,23.0,RISKY
474,2020-03-17,12.75,43.0,48.0,RISKY
107,2020-03-31,8.28,42.0,60.0,RISKY
671,2020-04-29,14.76,48.0,19.0,RISKY
646,2020-04-04,11.41,50.0,56.0,RISKY
418,2020-04-07,6.71,50.0,53.0,RISKY
666,2020-04-24,11.41,46.0,23.0,RISKY
354,2020-04-20,6.04,41.0,30.0,RISKY
577,2020-04-12,9.62,46.0,42.0,RISKY
579,2020-04-14,11.18,52.0,35.0,RISKY
86,2020-03-10,15.21,51.0,23.0,RISKY
404,2020-03-24,3.8,33.0,68.0,RISKY
391,2020-03-11,6.26,38.0,28.0,RISKY
403,2020-03-23,6.26,29.0,63.0,RISKY
53,2020-04-23,7.83,45.0,26.0,RISKY
238,2020-03-11,4.92,35.0,28.0,RISKY
257,2020-03-30,6.71,45.0,63.0,RISKY
32,2020-04-02,19.69,49.0,59.0,RISKY
475,2020-03-18,5.82,38.0,51.0,RISKY
50,2020-04-20,7.16,54.0,30.0,RISKY
137,2020-04-30,10.51,59.0,19.0,RISKY
172,2020-03-19,4.92,45.0,55.0,RISKY
653,2020-04-11,16.11,46.0,46.0,RISKY
432,2020-04-21,6.93,36.0,28.0,RISKY
587,2020-04-22,16.33,42.0,27.0,RISKY
177,2020-03-24,4.25,36.0,68.0,RISKY
109,2020-04-02,10.74,44.0,59.0,RISKY
591,2020-04-26,13.87,48.0,23.0,RISKY
24,2020-03-25,15.66,44.0,67.0,RISKY
631,2020-03-20,8.28,50.0,58.0,RISKY
422,2020-04-11,7.83,40.0,46.0,RISKY
572,2020-04-07,6.71,53.0,53.0,RISKY
44,2020-04-14,12.53,56.0,35.0,RISKY
426,2020-04-15,8.5,40.0,34.0,RISKY
512,2020-04-24,8.28,42.0,23.0,RISKY
548,2020-03-14,12.08,49.0,43.0,RISKY
620,2020-03-09,11.41,50.0,20.0,RISKY
268,2020-04-10,16.11,32.0,48.0,RISKY
166,2020-03-13,15.21,48.0,44.0,RISKY
393,2020-03-13,8.05,44.0,44.0,RISKY
589,2020-04-24,10.96,45.0,23.0,RISKY
505,2020-04-17,6.93,33.0,34.0,RISKY
175,2020-03-22,7.61,32.0,62.0,RISKY
21,2020-03-22,13.42,40.0,62.0,RISKY
121,2020-04-14,14.76,40.0,35.0,RISKY
405,2020-03-25,1.79,33.0,67.0,RISKY
317,2020-03-14,12.97,38.0,43.0,RISKY
183,2020-03-30,6.49,45.0,63.0,RISKY
187,2020-04-03,8.72,46.0,57.0,RISKY
207,2020-04-23,6.93,40.0,26.0,RISKY
414,2020-04-03,7.38,43.0,57.0,RISKY
309,2020-03-06,9.84,37.0,19.0,RISKY
626,2020-03-15,10.74,47.0,44.0,RISKY
242,2020-03-15,10.07,33.0,44.0,RISKY
485,2020-03-28,9.17,42.0,69.0,RISKY
278,2020-04-20,6.49,40.0,30.0,RISKY
630,2020-03-19,8.72,46.0,55.0,RISKY
559,2020-03-25,13.42,42.0,67.0,RISKY
20,2020-03-21,13.2,54.0,63.0,RISKY
647,2020-04-05,5.82,48.0,55.0,RISKY
191,2020-04-07,8.5,54.0,53.0,RISKY
180,2020-03-27,11.41,53.0,70.0,RISKY
170,2020-03-17,11.41,40.0,48.0,RISKY
165,2020-03-12,8.28,41.0,38.0,RISKY
390,2020-03-10,4.92,47.0,23.0,RISKY
176,2020-03-23,8.05,35.0,63.0,RISKY
17,2020-03-18,9.62,49.0,51.0,RISKY
363,2020-04-29,15.66,55.0,19.0,RISKY
649,2020-04-07,10.51,54.0,53.0,RISKY
13,2020-03-14,14.32,51.0,43.0,RISKY
341,2020-04-07,6.49,52.0,53.0,RISKY
486,2020-03-29,15.21,52.0,67.0,RISKY
350,2020-04-16,12.3,33.0,33.0,RISKY
560,2020-03-26,10.51,43.0,71.0,RISKY
420,2020-04-09,8.05,42.0,51.0,RISKY
91,2020-03-15,8.28,34.0,44.0,RISKY
561,2020-03-27,9.4,53.0,70.0,RISKY
473,2020-03-16,7.16,32.0,47.0,RISKY
59,2020-04-29,12.53,51.0,19.0,RISKY
199,2020-04-15,10.51,43.0,34.0,RISKY
491,2020-04-03,9.17,42.0,57.0,RISKY
349,2020-04-15,8.72,38.0,34.0,RISKY
593,2020-04-28,10.07,49.0,19.0,RISKY
571,2020-04-06,8.28,51.0,53.0,RISKY
439,2020-05-02,6.93,59.0,4.15,SAFE
111,2020-03-16,4.92,32.0,6.12,SAFE
407,2020-04-28,4.25,48.0,4.15,SAFE
376,2020-04-23,11.41,58.0,4.81,SAFE
79,2020-03-03,9.62,44.0,6.0,SAFE
386,2020-04-25,10.29,52.0,4.91,SAFE
411,2020-04-28,4.47,55.0,4.15,SAFE
398,2020-04-26,10.51,52.0,6.26,SAFE
226,2020-04-02,6.26,33.0,8.37,SAFE
158,2020-03-23,12.08,45.0,8.72,SAFE
461,2020-05-05,6.71,55.0,4.01,SAFE
440,2020-05-02,10.96,54.0,4.15,SAFE
271,2020-04-08,5.82,55.0,7.21,SAFE
39,2020-03-06,3.58,43.0,8.23,SAFE
396,2020-04-26,7.16,53.0,6.26,SAFE
225,2020-04-02,3.58,40.0,8.37,SAFE
140,2020-03-21,2.24,45.0,8.27,SAFE
121,2020-03-18,5.82,42.0,6.08,SAFE
425,2020-04-30,12.97,64.0,3.92,SAFE
421,2020-04-30,5.82,50.0,3.92,SAFE
92,2020-03-14,18.12,37.0,6.67,SAFE
687,2020-05-15,10.29,63.0,8.0,SAFE
400,2020-04-27,8.05,49.0,5.08,SAFE
64,2020-03-10,6.71,39.0,6.16,SAFE
312,2020-04-14,7.83,53.0,6.89,SAFE
342,2020-04-18,5.37,55.0,7.6,SAFE
457,2020-05-05,7.61,52.0,4.01,SAFE
466,2020-05-06,12.08,57.0,3.96,SAFE
60,2020-03-09,4.92,40.0,5.95,SAFE
131,2020-03-19,5.82,44.0,7.28,SAFE
66,2020-03-10,6.04,37.0,6.16,SAFE
610,2020-05-15,10.74,64.0,8.0,SAFE
415,2020-04-29,7.16,56.0,4.84,SAFE
365,2020-04-22,4.92,49.0,5.28,SAFE
388,2020-04-25,11.63,55.0,4.91,SAFE
238,2020-04-04,4.7,38.0,8.06,SAFE
464,2020-05-06,9.17,53.0,3.96,SAFE
363,2020-04-21,13.65,55.0,5.21,SAFE
456,2020-05-15,8.05,62.0,8.0,SAFE
357,2020-04-21,6.04,52.0,5.21,SAFE
163,2020-03-24,4.47,36.0,8.26,SAFE
35,2020-03-06,2.68,42.0,8.23,SAFE
95,2020-03-14,15.66,38.0,6.67,SAFE
122,2020-03-18,6.71,46.0,6.08,SAFE
455,2020-05-05,5.37,55.0,4.01,SAFE
410,2020-04-28,5.14,53.0,4.15,SAFE
384,2020-04-24,7.61,50.0,5.03,SAFE
132,2020-03-19,4.47,42.0,7.28,SAFE
330,2020-04-17,3.58,47.0,7.8,SAFE
61,2020-03-09,5.14,36.0,5.95,SAFE
236,2020-04-03,6.93,37.0,8.57,SAFE
77,2020-03-01,7.83,26.0,8.0,SAFE
492,2020-05-10,16.78,62.0,4.0,SAFE
71,2020-03-11,6.49,44.0,5.88,SAFE
340,2020-04-18,5.82,54.0,7.6,SAFE
390,2020-04-25,8.5,56.0,4.91,SAFE
427,2020-05-01,4.7,48.0,4.82,SAFE
473,2020-05-07,12.97,55.0,4.22,SAFE
360,2020-04-21,11.18,61.0,5.21,SAFE
350,2020-04-20,3.8,50.0,6.97,SAFE
409,2020-04-28,5.59,55.0,4.15,SAFE
380,2020-05-16,6.49,57.0,7.0,SAFE
452,2020-05-04,4.47,51.0,5.7,SAFE
302,2020-04-13,3.8,46.0,8.59,SAFE
167,2020-03-24,9.4,38.0,8.26,SAFE
458,2020-05-05,6.71,61.0,4.01,SAFE
412,2020-04-28,5.59,51.0,4.15,SAFE
152,2020-05-15,10.51,61.0,8.0,SAFE
160,2020-03-23,15.43,46.0,8.72,SAFE
416,2020-04-29,8.05,62.0,4.84,SAFE
486,2020-05-09,10.51,65.0,5.36,SAFE
288,2020-04-11,5.37,49.0,7.54,SAFE
88,2020-03-13,11.63,41.0,5.1,SAFE
253,2020-04-06,3.8,43.0,7.78,SAFE
285,2020-04-10,10.74,62.0,7.11,SAFE
269,2020-04-08,9.17,56.0,7.21,SAFE
239,2020-04-04,5.14,39.0,8.06,SAFE
143,2020-03-21,5.59,51.0,8.27,SAFE
361,2020-04-21,9.17,53.0,5.21,SAFE
378,2020-04-24,2.91,51.0,5.03,SAFE
379,2020-04-24,4.47,49.0,5.03,SAFE
313,2020-04-14,8.5,55.0,6.89,SAFE
99,2020-03-15,15.88,36.0,6.27,SAFE
478,2020-05-08,6.49,48.0,4.07,SAFE
103,2020-03-15,10.07,32.0,6.27,SAFE
228,2020-04-02,9.62,43.0,8.37,SAFE
117,2020-03-17,4.7,36.0,5.66,SAFE
406,2020-04-28,4.92,50.0,4.15,SAFE
382,2020-04-24,3.8,53.0,5.03,SAFE
319,2020-04-15,6.93,54.0,7.87,SAFE
353,2020-04-20,8.05,59.0,6.97,SAFE
275,2020-04-09,3.36,46.0,8.63,SAFE
305,2020-04-13,5.82,50.0,8.59,SAFE
399,2020-04-27,10.07,54.0,5.08,SAFE
458,2020-03-01,7.61,26.0,8.0,SAFE
38,2020-03-06,3.36,41.0,8.23,SAFE
154,2020-03-23,8.72,45.0,8.72,SAFE
260,2020-04-07,3.8,45.0,7.94,SAFE
230,2020-03-03,9.4,47.0,6.0,SAFE
422,2020-04-30,13.42,60.0,3.92,SAFE
460,2020-03-03,8.05,45.0,6.0,SAFE
62,2020-03-09,3.13,35.0,5.95,SAFE
291,2020-04-11,8.72,51.0,7.54,SAFE
480,2020-05-08,14.32,62.0,4.07,SAFE
490,2020-05-10,4.47,68.0,4.0,SAFE
244,2020-04-04,6.26,34.0,8.06,SAFE
354,2020-04-20,6.04,55.0,6.97,SAFE
310,2020-04-14,5.82,45.0,6.89,SAFE
533,2020-05-15,10.29,63.0,8.0,SAFE
284,2020-04-10,6.93,55.0,7.11,SAFE
495,2020-05-10,10.51,70.0,4.0,SAFE
345,2020-04-19,2.91,45.0,5.85,SAFE
428,2020-05-01,6.26,49.0,4.82,SAFE
256,2020-04-06,4.03,49.0,7.78,SAFE
226,2020-05-15,8.28,67.0,8.0,SAFE
380,2020-04-24,3.36,47.0,5.03,SAFE
332,2020-04-17,8.28,49.0,7.8,SAFE
307,2020-04-13,6.93,38.0,8.59,SAFE
336,2020-04-18,6.71,54.0,7.6,SAFE
437,2020-05-02,10.51,58.0,4.15,SAFE
304,2020-04-13,8.72,47.0,8.59,SAFE
118,2020-03-17,3.36,37.0,5.66,SAFE
472,2020-05-07,6.71,55.0,4.22,SAFE
447,2020-05-03,16.78,50.0,5.71,SAFE
317,2020-04-15,8.95,47.0,7.87,SAFE
436,2020-05-02,9.17,51.0,4.15,SAFE
337,2020-04-18,3.58,49.0,7.6,SAFE
443,2020-05-03,10.96,50.0,5.71,SAFE
112,2020-03-17,2.01,40.0,5.66,SAFE
57,2020-03-09,3.58,36.0,5.95,SAFE
245,2020-04-05,4.92,47.0,8.7,SAFE
460,2020-05-05,5.14,62.0,4.01,SAFE
366,2020-04-22,6.26,49.0,5.28,SAFE
120,2020-03-18,2.46,39.0,6.08,SAFE
116,2020-03-17,4.47,44.0,5.66,SAFE
329,2020-04-17,3.58,53.0,7.8,SAFE
75,2020-03-11,7.61,44.0,5.88,SAFE
128,2020-03-19,4.92,39.0,7.28,SAFE
351,2020-04-20,3.8,47.0,6.97,SAFE
389,2020-04-25,11.63,56.0,4.91,SAFE
247,2020-04-05,3.36,38.0,8.7,SAFE
493,2020-05-10,13.87,68.0,4.0,SAFE
479,2020-05-08,7.38,59.0,4.07,SAFE
169,2020-03-25,4.03,38.0,8.76,SAFE
294,2020-04-12,4.25,44.0,5.89,SAFE
80,2020-03-12,7.61,42.0,4.73,SAFE
162,2020-03-24,3.58,40.0,8.26,SAFE
252,2020-04-06,3.36,45.0,7.78,SAFE
377,2020-04-23,10.51,49.0,4.81,SAFE
281,2020-04-10,4.47,49.0,7.11,SAFE
475,2020-05-07,4.92,46.0,4.22,SAFE
467,2020-05-06,16.11,60.0,3.96,SAFE
58,2020-03-09,3.8,33.0,5.95,SAFE
235,2020-04-03,12.08,43.0,8.57,SAFE
125,2020-03-18,5.59,42.0,6.08,SAFE
448,2020-05-04,3.36,47.0,5.7,SAFE
227,2020-04-02,8.05,39.0,8.37,SAFE
488,2020-05-09,8.05,64.0,5.36,SAFE
401,2020-04-27,13.65,53.0,5.08,SAFE
137,2020-03-20,4.92,51.0,7.45,SAFE
138,2020-03-20,6.49,47.0,7.45,SAFE
424,2020-04-30,11.63,55.0,3.92,SAFE
157,2020-03-23,8.5,49.0,8.72,SAFE
274,2020-04-09,4.25,48.0,8.63,SAFE
76,2020-03-11,12.75,45.0,5.88,SAFE
96,2020-03-14,11.63,33.0,6.67,SAFE
86,2020-03-13,17.22,31.0,5.1,SAFE
97,2020-03-14,18.12,21.0,6.67,SAFE
444,2020-05-03,10.51,52.0,5.71,SAFE
83,2020-03-12,6.04,36.0,4.73,SAFE
367,2020-04-22,3.58,53.0,5.28,SAFE
413,2020-04-29,7.61,57.0,4.84,SAFE
373,2020-04-23,4.92,47.0,4.81,SAFE
40,2020-03-06,5.37,45.0,8.23,SAFE
74,2020-03-11,7.16,47.0,5.88,SAFE
454,2020-05-04,5.59,47.0,5.7,SAFE
277,2020-04-09,7.83,54.0,8.63,SAFE
283,2020-04-10,12.97,59.0,7.11,SAFE
537,2020-03-03,8.28,49.0,6.0,SAFE
168,2020-03-25,4.92,42.0,8.76,SAFE
2,2020-03-03,9.62,53.0,6.0,SAFE
433,2020-05-01,5.82,51.0,4.82,SAFE
278,2020-04-09,5.37,54.0,8.63,SAFE
93,2020-03-14,17.45,21.0,6.67,SAFE
371,2020-04-23,9.4,52.0,4.81,SAFE
395,2020-04-26,9.17,56.0,6.26,SAFE
419,2020-04-29,11.18,59.0,4.84,SAFE
134,2020-03-20,3.36,41.0,7.45,SAFE
392,2020-04-26,6.49,51.0,6.26,SAFE
233,2020-04-03,10.51,36.0,8.57,SAFE
457,2020-05-16,8.72,61.0,7.0,SAFE
612,2020-03-01,14.32,32.0,8.0,SAFE
267,2020-04-08,5.82,44.0,7.21,SAFE
535,2020-03-01,9.4,30.0,8.0,SAFE
296,2020-04-12,4.25,35.0,5.89,SAFE
41,2020-03-06,6.71,46.0,8.23,SAFE
306,2020-03-03,8.5,44.0,6.0,SAFE
230,2020-04-02,8.5,35.0,8.37,SAFE
459,2020-05-05,7.83,57.0,4.01,SAFE
441,2020-05-03,5.82,48.0,5.71,SAFE
534,2020-05-16,6.71,55.0,7.0,SAFE
314,2020-04-14,8.28,47.0,6.89,SAFE
397,2020-04-26,5.37,54.0,6.26,SAFE
91,2020-03-14,11.18,37.0,6.67,SAFE
325,2020-04-16,5.82,49.0,7.12,SAFE
295,2020-04-12,5.59,47.0,5.89,SAFE
129,2020-03-19,5.14,44.0,7.28,SAFE
301,2020-04-13,3.13,45.0,8.59,SAFE
341,2020-04-18,7.16,63.0,7.6,SAFE
241,2020-04-04,6.26,40.0,8.06,SAFE
482,2020-05-08,6.93,51.0,4.07,SAFE
306,2020-04-13,5.59,46.0,8.59,SAFE
343,2020-04-19,2.68,51.0,5.85,SAFE
300,2020-04-12,5.59,38.0,5.89,SAFE
451,2020-05-04,6.26,51.0,5.7,SAFE
102,2020-03-15,18.57,37.0,6.27,SAFE
328,2020-04-16,6.93,46.0,7.12,SAFE
258,2020-04-06,7.61,42.0,7.78,SAFE
279,2020-04-09,5.37,51.0,8.63,SAFE
232,2020-04-03,6.04,40.0,8.57,SAFE
287,2020-04-11,5.82,50.0,7.54,SAFE
316,2020-04-15,5.14,49.0,7.87,SAFE
109,2020-03-16,12.08,43.0,6.12,SAFE
257,2020-04-06,6.49,44.0,7.78,SAFE
89,2020-03-13,6.71,38.0,5.1,SAFE
154,2020-03-01,8.28,25.0,8.0,SAFE
56,2020-03-09,1.79,36.0,5.95,SAFE
240,2020-04-04,6.71,33.0,8.06,SAFE
344,2020-04-19,4.03,50.0,5.85,SAFE
456,2020-05-05,5.59,49.0,4.01,SAFE
146,2020-03-21,8.05,45.0,8.27,SAFE
124,2020-03-18,5.37,42.0,6.08,SAFE
249,2020-04-05,11.18,48.0,8.7,SAFE
359,2020-04-21,9.84,50.0,5.21,SAFE
87,2020-03-13,12.3,37.0,5.1,SAFE
266,2020-04-08,4.92,45.0,7.21,SAFE
304,2020-03-01,6.26,23.0,8.0,SAFE
76,2020-05-16,10.74,74.0,7.0,SAFE
434,2020-05-02,5.37,53.0,4.15,SAFE
496,2020-05-10,14.32,63.0,4.0,SAFE
156,2020-03-03,6.71,51.0,6.0,SAFE
75,2020-05-15,11.41,71.0,8.0,SAFE
298,2020-04-12,8.5,50.0,5.89,SAFE
136,2020-03-20,7.61,48.0,7.45,SAFE
145,2020-03-21,4.7,51.0,8.27,SAFE
130,2020-03-19,4.92,47.0,7.28,SAFE
394,2020-04-26,7.16,51.0,6.26,SAFE
420,2020-04-30,8.5,54.0,3.92,SAFE
94,2020-03-14,14.99,29.0,6.67,SAFE
36,2020-03-06,4.03,38.0,8.23,SAFE
228,2020-03-01,5.82,21.0,8.0,SAFE
243,2020-04-04,4.03,40.0,8.06,SAFE
322,2020-04-16,2.91,51.0,7.12,SAFE
171,2020-03-25,8.5,42.0,8.76,SAFE
481,2020-05-08,6.93,57.0,4.07,SAFE
139,2020-03-20,7.61,44.0,7.45,SAFE
414,2020-04-29,6.49,50.0,4.84,SAFE
282,2020-04-10,3.36,49.0,7.11,SAFE
324,2020-04-16,3.8,43.0,7.12,SAFE
311,2020-04-14,11.41,55.0,6.89,SAFE
159,2020-03-23,7.61,52.0,8.72,SAFE
462,2020-05-06,8.05,55.0,3.96,SAFE
347,2020-04-19,6.04,53.0,5.85,SAFE
250,2020-04-05,3.58,46.0,8.7,SAFE
59,2020-03-09,6.04,40.0,5.95,SAFE
265,2020-04-07,10.51,47.0,7.94,SAFE
323,2020-04-16,4.92,49.0,7.12,SAFE
79,2020-03-12,3.36,34.0,4.73,SAFE
133,2020-03-20,2.01,45.0,7.45,SAFE
465,2020-05-06,16.11,60.0,3.96,SAFE
364,2020-04-22,6.04,48.0,5.28,SAFE
369,2020-04-22,4.7,53.0,5.28,SAFE
494,2020-05-10,9.84,76.0,4.0,SAFE
688,2020-05-16,11.41,65.0,7.0,SAFE
68,2020-03-10,2.68,36.0,6.16,SAFE
63,2020-03-10,7.83,39.0,6.16,SAFE
356,2020-04-20,6.26,55.0,6.97,SAFE
261,2020-04-07,7.61,45.0,7.94,SAFE
280,2020-04-10,6.26,50.0,7.11,SAFE
611,2020-05-16,10.51,62.0,7.0,SAFE
164,2020-03-24,6.49,40.0,8.26,SAFE
173,2020-03-25,3.8,41.0,8.76,SAFE
156,2020-03-23,10.29,44.0,8.72,SAFE
268,2020-04-08,4.25,44.0,7.21,SAFE
405,2020-04-27,20.8,56.0,5.08,SAFE
234,2020-04-03,11.86,41.0,8.57,SAFE
242,2020-04-04,8.05,42.0,8.06,SAFE
37,2020-03-06,3.13,38.0,8.23,SAFE
315,2020-04-15,5.82,53.0,7.87,SAFE
370,2020-04-22,10.51,50.0,5.28,SAFE
170,2020-03-25,4.03,34.0,8.76,SAFE
174,2020-03-25,5.82,36.0,8.76,SAFE
237,2020-04-03,14.54,37.0,8.57,SAFE
84,2020-03-13,3.13,37.0,5.1,SAFE
78,2020-03-12,3.58,41.0,4.73,SAFE
259,2020-04-07,2.68,46.0,7.94,SAFE
224,2020-04-02,5.82,42.0,8.37,SAFE
153,2020-05-16,5.82,53.0,7.0,SAFE
297,2020-04-12,7.61,44.0,5.89,SAFE
387,2020-04-25,8.05,49.0,4.91,SAFE
254,2020-04-06,5.37,40.0,7.78,SAFE
383,2020-04-24,5.14,56.0,5.03,SAFE
100,2020-03-15,10.51,24.0,6.27,SAFE
108,2020-03-16,11.18,37.0,6.12,SAFE
227,2020-05-16,9.62,65.0,7.0,SAFE
358,2020-04-21,5.82,51.0,5.21,SAFE
487,2020-05-09,9.17,73.0,5.36,SAFE
426,2020-04-30,17.67,61.0,3.92,SAFE
73,2020-03-11,13.42,47.0,5.88,SAFE
303,2020-04-13,3.8,34.0,8.59,SAFE
107,2020-03-16,8.72,34.0,6.12,SAFE
485,2020-05-09,12.53,57.0,5.36,SAFE
165,2020-03-24,6.49,43.0,8.26,SAFE
471,2020-05-07,3.13,45.0,4.22,SAFE
326,2020-04-16,6.26,57.0,7.12,SAFE
491,2020-05-10,6.04,68.0,4.0,SAFE
334,2020-04-17,5.82,49.0,7.8,SAFE
429,2020-05-01,4.92,50.0,4.82,SAFE
355,2020-04-20,6.71,59.0,6.97,SAFE
453,2020-05-04,4.47,50.0,5.7,SAFE
81,2020-03-12,4.7,44.0,4.73,SAFE
114,2020-03-17,4.7,35.0,5.66,SAFE
489,2020-05-09,10.51,60.0,5.36,SAFE
161,2020-03-24,5.37,42.0,8.26,SAFE
67,2020-03-10,11.41,43.0,6.16,SAFE
69,2020-03-10,11.86,36.0,6.16,SAFE
106,2020-03-16,5.37,45.0,6.12,SAFE
470,2020-05-07,6.04,50.0,4.22,SAFE
105,2020-03-16,4.25,40.0,6.12,SAFE
418,2020-04-29,7.83,63.0,4.84,SAFE
272,2020-04-08,4.92,49.0,7.21,SAFE
270,2020-04-08,8.95,50.0,7.21,SAFE
264,2020-04-07,10.29,53.0,7.94,SAFE
141,2020-03-21,3.58,44.0,8.27,SAFE
135,2020-03-20,2.91,42.0,7.45,SAFE
431,2020-05-01,4.47,52.0,4.82,SAFE
614,2020-03-03,10.51,48.0,6.0,SAFE
90,2020-03-13,11.86,34.0,5.1,SAFE
432,2020-05-01,5.37,51.0,4.82,SAFE
293,2020-04-11,14.76,52.0,7.54,SAFE
331,2020-04-17,5.82,42.0,7.8,SAFE
292,2020-04-11,9.62,59.0,7.54,SAFE
368,2020-04-22,5.82,52.0,5.28,SAFE
379,2020-05-15,9.17,64.0,8.0,SAFE
262,2020-04-07,8.5,53.0,7.94,SAFE
327,2020-04-16,5.82,49.0,7.12,SAFE
391,2020-04-25,13.65,53.0,4.91,SAFE
290,2020-04-11,18.34,57.0,7.54,SAFE
126,2020-03-19,1.79,42.0,7.28,SAFE
276,2020-04-09,7.38,55.0,8.63,SAFE
438,2020-05-02,9.4,57.0,4.15,SAFE
333,2020-04-17,5.37,57.0,7.8,SAFE
77,2020-03-12,2.46,40.0,4.73,SAFE
423,2020-04-30,12.53,63.0,3.92,SAFE
469,2020-05-07,7.61,50.0,4.22,SAFE
483,2020-05-09,5.59,64.0,5.36,SAFE
403,2020-04-27,10.74,55.0,5.08,SAFE
374,2020-04-23,10.51,55.0,4.81,SAFE
110,2020-03-16,6.49,36.0,6.12,SAFE
286,2020-04-10,6.93,55.0,7.11,SAFE
474,2020-05-07,5.14,52.0,4.22,SAFE
229,2020-04-02,5.59,36.0,8.37,SAFE
144,2020-03-21,5.37,48.0,8.27,SAFE
339,2020-04-18,8.28,61.0,7.6,SAFE
318,2020-04-15,14.54,57.0,7.87,SAFE
289,2020-04-11,10.51,48.0,7.54,SAFE
445,2020-05-03,11.63,49.0,5.71,SAFE
119,2020-03-18,2.68,39.0,6.08,SAFE
446,2020-05-03,6.93,49.0,5.71,SAFE
104,2020-03-15,9.4,22.0,6.27,SAFE
101,2020-03-15,14.99,29.0,6.27,SAFE
246,2020-04-05,5.59,44.0,8.7,SAFE
303,2020-05-16,8.95,58.0,8.0,SAFE
273,2020-04-09,4.03,50.0,8.63,SAFE
255,2020-04-06,9.17,46.0,7.78,SAFE
484,2020-05-09,5.82,65.0,5.36,SAFE
72,2020-03-11,10.51,42.0,5.88,SAFE
468,2020-05-06,13.42,55.0,3.96,SAFE
352,2020-04-20,2.91,49.0,6.97,SAFE
393,2020-04-26,6.93,50.0,6.26,SAFE
383,2020-03-03,4.7,46.0,6.0,SAFE
115,2020-03-17,4.92,40.0,5.66,SAFE
166,2020-03-24,4.92,40.0,8.26,SAFE
263,2020-04-07,6.49,48.0,7.94,SAFE
98,2020-03-15,9.84,37.0,6.27,SAFE
248,2020-04-05,4.7,45.0,8.7,SAFE
442,2020-05-03,5.82,46.0,5.71,SAFE
430,2020-05-01,6.04,53.0,4.82,SAFE
385,2020-04-25,8.72,54.0,4.91,SAFE
309,2020-04-14,3.36,46.0,6.89,SAFE
477,2020-05-08,6.49,60.0,4.07,SAFE
123,2020-03-18,4.92,44.0,6.08,SAFE
449,2020-05-04,5.82,47.0,5.7,SAFE
231,2020-04-03,7.83,39.0,8.57,SAFE
463,2020-05-06,6.49,52.0,3.96,SAFE
299,2020-04-12,5.82,52.0,5.89,SAFE
142,2020-03-21,6.04,40.0,8.27,SAFE
435,2020-05-02,7.61,51.0,4.15,SAFE
476,2020-05-08,5.82,60.0,4.07,SAFE
82,2020-03-12,6.04,43.0,4.73,SAFE
404,2020-04-27,11.41,63.0,5.08,SAFE
349,2020-04-19,6.93,50.0,5.85,SAFE
320,2020-04-15,12.75,63.0,7.87,SAFE
346,2020-04-19,5.82,55.0,5.85,SAFE
375,2020-04-23,8.5,52.0,4.81,SAFE
348,2020-04-19,5.82,57.0,5.85,SAFE
338,2020-04-18,5.59,53.0,7.6,SAFE
381,2020-03-01,1.57,18.0,8.0,SAFE
402,2020-04-27,14.99,60.0,5.08,SAFE
362,2020-04-21,8.05,62.0,5.21,SAFE
321,2020-04-15,10.74,48.0,7.87,SAFE
65,2020-03-10,3.8,31.0,6.16,SAFE
308,2020-04-14,7.16,51.0,6.89,SAFE
251,2020-04-05,5.59,37.0,8.7,SAFE
113,2020-03-17,2.91,41.0,5.66,SAFE
381,2020-04-24,5.82,55.0,5.03,SAFE
450,2020-05-04,4.47,42.0,5.7,SAFE
335,2020-04-17,8.72,47.0,7.8,SAFE
408,2020-04-28,5.14,49.0,4.15,SAFE
172,2020-03-25,4.47,42.0,8.76,SAFE
0,2020-03-01,13.42,32.0,8.0,SAFE
70,2020-03-11,6.71,46.0,5.88,SAFE
155,2020-03-23,5.37,42.0,8.72,SAFE
127,2020-03-19,2.68,39.0,7.28,SAFE
417,2020-04-29,9.84,56.0,4.84,SAFE
85,2020-03-13,11.41,39.0,5.1,SAFE
372,2020-04-23,4.47,49.0,4.81,SAFE
